Unigram,Frequency
<s>,2325
=,884
Valkyria,54
Chronicles,39
III,17
Senjō,5
no,42
3,40
:,85
Unrecorded,1
(,305
Japanese,6
戦場のヴァルキュリア3,3
",",3130
lit,5
.,2319
<e>,2325
of,1772
the,3518
Battlefield,4
),306
commonly,5
referred,9
to,1166
as,420
outside,18
Japan,6
is,273
a,932
tactical,3
role,24
@,1418
-,524
playing,10
video,10
game,84
developed,18
by,335
Sega,5
and,1526
Media.Vision,4
for,471
PlayStation,9
Portable,3
Released,2
in,1179
January,15
2011,22
it,145
third,19
series,26
Employing,1
same,39
fusion,1
real,9
time,77
gameplay,10
its,90
predecessors,4
story,14
runs,1
parallel,1
first,92
follows,2
``,584
Nameless,12
penal,2
military,25
unit,7
serving,4
nation,10
Gallia,5
during,56
Second,8
Europan,2
War,22
who,100
perform,6
secret,4
black,12
operations,38
are,215
pitted,1
against,37
Imperial,4
Calamaty,1
Raven,5
The,539
began,33
development,26
2010,12
carrying,3
over,58
large,20
portion,5
work,40
done,8
on,307
II,16
While,19
retained,3
standard,6
features,8
also,105
underwent,3
multiple,9
adjustments,1
such,54
making,12
more,90
forgiving,1
newcomers,3
Character,1
designer,2
Raita,2
Honjou,3
composer,2
Hitoshi,2
Sakimoto,5
both,42
returned,14
from,255
previous,21
entries,1
along,28
with,454
director,7
Takeshi,2
Ozawa,3
A,53
team,63
writers,1
handled,2
script,2
's,354
opening,10
theme,16
was,635
sung,4
May,35
'n,3
It,60
met,6
positive,7
sales,4
praised,13
western,3
critics,5
After,29
release,14
received,23
downloadable,2
content,4
an,181
expanded,6
edition,6
November,24
that,441
year,65
adapted,6
into,72
manga,2
original,25
animation,2
Due,4
low,11
not,129
localized,2
but,104
fan,2
translation,2
compatible,2
released,18
2014,9
would,74
return,8
franchise,16
Azure,3
Revolution,5
4,47
Gameplay,1
As,30
Valkyira,2
games,38
where,38
players,13
take,20
control,16
part,37
missions,9
enemy,3
forces,16
Stories,2
told,3
through,40
comic,1
book,4
like,41
panels,3
animated,1
character,24
portraits,2
characters,15
speaking,3
partially,3
voiced,1
speech,2
bubbles,1
unvoiced,1
text,3
player,21
progresses,2
linear,2
gradually,2
unlocked,3
maps,5
can,49
be,174
freely,3
scanned,1
replayed,1
they,79
route,8
each,38
location,3
map,4
varies,2
depending,3
individual,4
approach,7
when,57
one,104
option,3
selected,5
other,97
sealed,1
off,21
Outside,1
rest,10
camp,3
units,8
customized,1
growth,11
occurs,2
Alongside,3
main,22
specific,14
sub,1
relating,5
different,21
squad,6
members,16
completion,1
additional,5
episodes,2
some,62
them,56
having,9
higher,8
difficulty,6
than,67
those,21
found,25
There,35
love,6
simulation,1
elements,15
related,9
two,91
heroines,1
although,34
very,8
minor,9
battle,13
system,18
BliTZ,1
carried,18
directly,3
During,17
select,1
using,14
top,12
down,28
perspective,4
battlefield,4
once,12
moves,5
around,27
person,6
only,64
act,10
per,30
turn,8
granted,4
turns,8
at,241
expense,2
',79
Each,9
has,98
field,3
distance,3
movement,10
limited,20
their,151
Action,2
Gauge,1
Up,1
nine,7
assigned,7
single,26
mission,4
will,7
call,4
out,50
if,17
something,7
happens,1
health,3
points,28
HP,1
getting,5
or,137
being,56
knocked,1
attacks,1
Potentials,3
skills,6
unique,5
They,32
divided,4
Personal,3
Potential,1
which,172
innate,1
remain,7
unaltered,1
unless,3
otherwise,3
dictated,1
either,15
help,11
impede,1
Battle,6
grown,3
throughout,19
always,10
grant,3
boons,1
To,13
learn,2
Masters,1
Table,1
grid,1
based,21
skill,1
table,2
used,46
acquire,2
link,3
Characters,4
have,100
Special,1
Abilities,1
temporary,1
boosts,1
Kurt,5
activate,2
Direct,1
Command,2
move,10
without,14
depleting,1
his,167
Point,1
gauge,1
Reila,1
shift,5
her,139
Form,1
become,13
invincible,1
while,43
Imca,3
target,1
heavy,9
weapon,5
Troops,1
five,18
classes,5
Scouts,1
Shocktroopers,1
Engineers,1
Lancers,1
Armored,1
Soldier,1
Troopers,1
switch,1
changing,1
Changing,1
class,28
does,7
greatly,5
affect,2
stats,1
gained,3
With,16
victory,6
experience,3
awarded,6
distributed,4
attributes,3
shared,3
entire,7
feature,3
differing,1
early,34
method,5
distributing,1
types,13
Plot,1
takes,3
place,30
Gallian,8
Army,10
Squad,2
422,1
known,25
composed,8
criminals,1
foreign,11
deserters,1
offenders,1
whose,7
names,17
erased,2
records,5
thereon,1
officially,4
numbers,14
Ordered,1
most,64
dangerous,2
Regular,4
Militia,1
do,17
nevertheless,1
up,47
task,2
exemplified,2
motto,1
Altaha,1
Abilia,1
meaning,9
Always,1
Ready,1
three,48
No.7,1
Irving,1
army,9
officer,4
falsely,1
accused,3
treason,1
wishes,1
redeem,2
himself,12
;,175
Ace,1
No.1,1
female,5
Darcsen,4
weapons,9
specialist,2
seeks,1
revenge,1
destroyed,5
home,15
No.13,1
Riela,3
Marcellis,1
seemingly,2
jinxed,1
young,9
woman,5
unknowingly,1
descendant,1
Together,1
fellow,4
these,64
tasked,1
fight,5
mysterious,5
Calamity,4
consisting,6
mostly,12
soldiers,13
exist,4
upper,7
echelons,1
exploit,1
concept,4
plausible,1
deniability,1
order,29
send,2
make,19
lose,2
face,7
war,33
times,16
this,88
works,12
advantage,1
successful,11
incursion,1
territory,1
orders,6
cause,8
certain,11
422nd,3
great,11
distress,1
One,9
member,5
Gusurg,1
becomes,7
so,37
enraged,1
he,107
abandons,1
post,5
defects,1
ranks,2
attached,4
ideal,1
independence,1
proposed,11
leader,2
Dahau,4
At,17
within,28
erase,1
protect,5
own,17
interests,1
Hounded,1
allies,1
enemies,2
combined,10
presence,5
traitor,2
desperately,1
keep,3
themselves,11
alive,1
effort,6
This,46
continues,4
until,20
commanding,1
Ramsey,1
Crowe,2
had,170
been,81
kept,5
under,41
house,7
arrest,2
escorted,1
capital,7
city,20
Randgriz,1
present,21
evidence,7
exonerating,1
weary,1
expose,1
General,17
Treason,1
Partly,1
due,24
events,19
partly,2
major,18
losses,3
manpower,1
suffers,2
towards,8
end,35
Empire,5
offered,6
formal,6
position,15
rather,6
serve,5
anonymous,1
shadow,2
force,13
short,7
lived,4
however,15
following,27
Maximilian,2
defeat,1
ancient,8
Valkyrian,2
super,1
benefactor,1
Without,1
support,18
chance,8
prove,2
last,26
trump,1
card,1
creating,7
new,44
armed,9
invading,1
just,23
nations,2
cease,1
fire,15
certainly,1
wreck,1
newfound,1
peace,9
decides,1
again,13
asking,3
list,6
all,85
command,11
killed,3
action,14
Now,1
owing,1
allegiance,1
none,5
confronts,1
destroys,1
then,31
goes,1
separate,7
ways,8
begin,3
lives,11
anew,1
Development,2
Concept,1
after,69
finished,5
full,14
beginning,10
shortly,2
took,25
approximately,4
staff,7
look,1
popular,16
response,8
what,9
wanted,7
next,15
Like,2
predecessor,2
wanting,2
refine,1
mechanics,2
created,12
come,9
revolutionary,4
idea,6
warrant,1
entry,2
Speaking,1
interview,6
stated,23
considered,17
true,6
sequel,4
required,17
amount,4
trial,1
error,1
platform,4
gave,8
improve,2
upon,9
best,16
parts,7
In,151
addition,21
scenario,2
written,15
Kazuki,1
Yamanobe,1
Hiroyuki,1
Fujii,2
Koichi,1
Majima,1
Kishiko,1
Miyagi,1
Seiki,1
Nagakawa,1
Takayuki,1
Shouji,1
Its,9
darker,2
somber,1
majority,10
material,9
BLiTZ,1
design,24
improvements,5
were,349
made,56
graphics,2
layouts,1
structure,4
number,37
playable,1
upgrade,1
involved,14
polygon,1
models,2
body,7
achieve,2
cooperative,1
incorporated,5
second,29
removed,4
memory,3
space,2
needed,7
adjusted,2
settings,1
ease,2
play,15
could,69
appeal,3
retaining,2
essential,8
components,2
newer,2
systems,4
decided,5
designs,6
worked,9
When,15
faced,2
problem,4
uniforms,1
essentially,2
individuality,1
despite,11
him,38
needing,1
create,4
identify,1
maintaining,5
sense,5
reality,1
world,39
color,5
CANVAS,1
engine,7
anime,7
produced,22
Production,1
I.G,1
Music,7
music,15
originally,13
heard,4
about,46
project,3
thought,11
light,19
tone,6
similar,11
themes,6
much,25
expected,6
An,10
designed,17
vision,3
rejected,3
He,67
redid,1
seven,10
production,14
need,9
reassess,1
initially,8
recorded,13
orchestra,2
guitar,8
bass,5
synthesizer,1
before,43
redoing,1
segments,1
piece,16
incorporating,1
hopeful,1
tune,2
played,35
ending,6
modern,8
divorced,1
fantasy,4
musical,3
instruments,8
constructed,4
atonality,1
working,6
synthesized,2
felt,16
incorporate,1
live,22
Mitsuhiro,1
Ohta,1
arranged,3
several,29
later,33
tracks,6
song,20
If,5
You,4
Wish,2
...,7
もしも君が願うのなら,1
Moshimo,1
Kimi,1
ga,1
Negauno,1
Nara,1
singer,3
reason,5
fought,1
particular,17
wish,2
precious,4
responsibility,5
duty,2
lyrics,7
Seiko,1
Fujibayashi,1
singles,1
Release,1
September,10
teaser,1
website,2
revealed,5
hinting,1
issue,18
Famitsu,2
listed,3
arriving,1
public,18
appearance,9
Tokyo,1
Game,6
Show,1
TGS,2
demo,4
available,11
journalists,1
attendees,2
publicity,1
details,2
scant,2
spoil,1
too,16
potential,2
still,16
flux,1
reveal,1
promote,5
detail,2
leading,19
episodic,1
Flash,1
visual,4
novel,3
27,3
said,32
capacity,1
DLC,3
plans,5
finalized,1
Multiple,1
featuring,1
recruitable,1
between,50
February,23
April,13
Extra,3
Edition,3
23,14
Packaged,1
sold,7
lower,7
price,4
chosen,5
pre,8
bonus,3
People,8
owned,8
transfer,7
save,3
data,5
versions,5
Unlike,4
west,5
According,9
poor,6
general,19
unpopularity,1
PSP,1
unofficial,2
patch,4
2012,15
copy,2
download,1
apply,3
translated,2
English,6
Compatible,1
Reception,1
On,26
day,24
topped,1
exclusive,2
multi,2
charts,1
By,14
102,1
779,1
coming,5
overall,11
Last,4
Story,1
Wii,1
152,2
500,12
enjoyed,2
particularly,11
pleased,2
gaming,2
site,3
Watch,1
Impress,1
negatively,2
noting,7
pacing,2
recycled,3
generally,13
entertaining,1
putting,1
spikes,2
4Gamer.net,1
writer,2
Naohiko,1
Misuosame,1
Play,1
Test,1
article,1
PSN,2
provided,10
profound,1
feeling,3
closure,5
annoying,1
limitations,3
aspects,8
special,3
abilities,3
positively,4
noted,11
Official,3
Magazine,2
UK,42
blurring,1
moral,3
standing,4
art,14
style,7
latter,10
continued,21
quality,3
tweaks,1
balance,2
criticism,3
affected,4
Heath,1
Hindman,5
Lifestyle,1
non,6
removal,1
praising,1
returning,7
serious,1
Points,2
criticized,4
review,11
awkward,1
cutscenes,1
seemed,2
include,18
scene,2
good,6
issues,13
occasional,2
problems,7
AI,1
preview,1
Ryan,3
Geddes,1
IGN,1
left,14
excited,2
go,4
completing,1
enjoying,1
improved,4
visuals,1
Kotaku,1
Richard,4
Eisenbeis,1
highly,5
citing,1
form,38
His,10
criticisms,1
length,4
repetition,1
expressing,2
regret,1
Legacy,1
featured,8
Nintendo,1
3DS,1
crossover,1
Project,1
X,4
Zone,1
representing,6
develop,1
forms,17
Adaptations,1
episode,1
Titled,1
Taga,1
Tame,1
Jūsō,1
戦場のヴァルキュリア３,1
誰がための銃瘡,1
Wound,1
Taken,1
Someone,1
Sake,1
Network,1
Qriocity,1
planned,7
availability,4
period,12
extended,6
stoppage,1
summer,3
DVD,2
June,17
29,6
August,12
31,5
Black,3
Blue,44
editions,2
purchase,6
set,13
half,17
detailing,1
rivals,2
announced,7
1,83
Pictures,2
Shinji,1
Motoyama,1
directed,1
Nobuhiro,1
Kondō,1
Hiroshi,1
Ōnogi,1
title,7
inspired,2
principle,4
purpose,5
suffer,2
goals,13
others,16
subtitle,1
Road,2
Kubinka,2
referenced,1
Tank,1
Museum,10
Moscow,1
how,11
regained,1
self,10
stripped,1
identities,1
focused,3
consequences,1
realistic,1
possible,7
consequence,1
did,33
extensive,4
research,4
happened,3
vehicles,3
tanks,2
overturned,1
damaged,9
timeline,1
television,5
adaptation,3
cast,2
appearances,5
Akari,1
Light,6
-Tomoshibi-,1
灯,1
TOMOSHIBI-,1
Faylan,1
Someday,1
Flowers,2
Will,1
Bloom,1
いつか咲く光の花,1
Itsuka,1
Saku,1
Hikari,1
Hana,2
Minami,1
Kuribayashi,1
Both,3
songs,11
respective,1
artists,4
Two,12
adaptations,2
protagonists,1
Namo,1
naki,1
Chikai,1
名もなき誓いの花,1
Flower,23
Oath,1
illustrated,5
Naoyuki,1
Fujisawa,1
eventually,8
volumes,1
serialized,1
Dengeki,1
Maoh,1
-Akaki,1
Unmei,1
Ikusa,1
Otome-,1
-赤き運命の戦乙女-,1
-The,1
Valkyrie,1
Crimson,1
Fate,1
Mizuki,1
Tsuge,1
volume,2
Kadokawa,1
Shoten,1
Tower,25
Building,18
Little,53
Rock,49
Arsenal,23
U.S.,6
building,24
located,9
MacArthur,9
Park,5
downtown,1
Arkansas,28
Built,1
1840,2
installation,1
Since,7
decommissioning,1
housed,3
museums,1
Natural,4
History,8
Antiquities,2
1942,4
1997,7
Military,4
since,16
2001,4
headquarters,2
Æsthetic,8
Club,14
1894,2
receives,1
name,27
distinct,5
octagonal,1
tower,25
Besides,1
remaining,10
oldest,2
buildings,5
central,9
birthplace,2
Douglas,4
became,37
supreme,3
commander,9
US,10
South,32
Pacific,3
World,19
starting,4
Camden,5
Expedition,6
named,17
10,21
attractions,1
state,31
Arkansas.com,1
Construction,1
arsenal,20
request,3
Governor,8
James,21
Sevier,1
Conway,1
perceived,2
dangers,1
frontier,3
life,23
fears,1
many,55
Native,2
Americans,1
passing,3
way,21
newly,10
established,17
Oklahoma,1
Territory,1
Thirty,1
six,12
acres,3
appropriated,1
outskirts,1
Major,7
Robert,4
B.,6
Lee,1
land,7
previously,5
racetrack,1
local,19
jockey,1
club,9
John,27
Wormley,1
Walker,1
builder,1
Federal,6
Government,4
supervised,1
construction,6
Originally,1
$,28
14,9
000,44
allocated,1
proved,7
inadequate,2
budget,1
increased,8
30,7
Work,5
permanent,5
built,31
Being,1
store,3
ammunition,8
foot,5
thick,2
0,16
91,2
m,21
exterior,2
walls,4
called,34
stone,1
masonry,2
instead,11
Gazette,1
splendid,1
specimen,4
Civil,13
For,16
years,34
federal,14
government,15
served,10
simple,1
arms,11
depot,2
staffed,2
handful,1
But,19
1860,5
American,18
horizon,1
company,5
United,33
States,25
Artillery,1
sixty,2
men,15
transferred,8
Captain,7
Totten,8
15,19
1861,15
legislature,1
hold,11
referendum,1
determine,4
convention,3
should,9
held,15
consider,4
secession,1
elect,1
delegates,1
18,15
wait,2
28,10
Henry,4
Massey,1
Rector,5
informed,3
permitted,5
possession,3
officers,9
State,11
authority,6
people,17
shall,1
determined,3
sever,1
connection,5
responded,3
telling,1
came,21
desperate,1
ultimately,3
futile,2
dispatch,1
letters,1
telegrams,1
reinforcements,4
rumors,9
widely,4
spread,6
already,2
telegraph,3
wire,1
span,1
Memphis,3
recently,5
completed,8
Local,3
attorney,1
M,2
Harrel,3
asked,6
compose,1
dispatched,2
message,3
reported,9
unconfirmed,1
troops,19
sent,21
reinforce,2
outposts,1
Indian,8
recalled,4
winter,3
quarters,2
garrison,4
Fort,5
Smith,3
richest,1
depositories,1
stores,4
supposed,3
ultimate,3
destination,4
tropps,1
[,17
sic,1
],17
ordered,4
-John,1
Telegram,1
item,2
intended,6
simply,2
news,7
lines,1
quickly,4
fueling,1
procession,2
sentiment,1
rumor,1
interpreted,3
Arkansans,1
governor,3
assemble,2
expel,1
5,34
militia,4
guarantee,2
situations,4
deemed,3
necessary,8
assembled,4
vehemently,1
denied,4
ordering,1
giving,13
any,36
Faced,2
fact,7
believing,1
consensus,1
citizens,5
conflict,1
civilian,3
forced,4
situation,5
6,33
demand,6
surrender,4
prompted,3
pervades,1
emergency,3
munitions,5
authorities,4
security,1
authorized,6
me,11
assumed,7
aspect,4
my,6
executive,1
Sate,1
interpose,1
official,10
prevent,6
collision,2
your,4
I,39
therefore,7
delivery,3
charge,6
subject,7
4th,1
March,12
Perhaps,3
because,9
Abraham,5
Lincoln,1
yet,3
inaugurated,1
President,5
instructions,1
superiors,1
withdraw,1
agreed,6
long,29
provisions,1
allowed,12
safe,2
passage,2
direction,5
personal,11
property,2
besides,2
march,2
away,15
leaving,7
conquered,1
surrendering,1
morning,7
8,19
signed,17
agreement,2
placing,3
hands,5
officials,4
That,9
afternoon,2
citizen,1
marched,2
head,14
All,17
point,14
except,7
stayed,2
behind,12
listen,2
hand,6
classified,2
deposit,1
warehouse,1
storage,1
use,24
crisis,4
Thus,4
there,41
substantial,2
ordnance,10
fabrication,1
repairs,2
nor,4
manufacture,4
cartridges,5
fell,5
Most,15
started,13
scratch,2
efforts,3
Board,1
Inside,1
seizure,1
Confederates,1
inventoried,1
247,2
250,2
musket,2
520,1
percussion,7
caps,3
well,35
four,49
bronze,1
cannon,1
battery,3
Long,1
inventory,2
consisted,11
M1822,4
.69,5
cal,4
flintlock,5
625,1
converted,3
53,1
M1842,1
smoothbore,1
357,1
M1855,1
.58,1
rifle,4
muskets,2
900,3
M1817,1
common,16
rifles,9
125,1
M1841,1
Mississippi,4
Rifle,1
54,5
M1847,1
musketoon,1
2,64
Hall,6
carbines,1
267,1
864,1
Total,1
Of,6
9600,1
serviceable,1
ready,3
Note,4
364,1
Disposition,1
somewhat,1
sketchy,1
various,16
surmised,1
5th,1
6th,1
7th,1
8th,1
Infantry,2
Regiments,2
mustered,2
issued,12
M1816,1
/,28
caliber,9
flintlocks,2
9th,2
10th,1
companies,1
Kelly,1
Battalion,1
3rd,1
Cavalry,2
Regiment,2
Rifles,2
comprising,1
infantry,1
Van,4
Dorn,3
West,4
1st,4
2nd,3
Mounted,1
11th,1
12th,2
supply,7
almost,9
completely,1
exhausted,1
old,11
junker,1
equipment,6
machinery,4
east,6
River,14
Maj.,1
Gen.,2
Earl,1
1862,13
accountability,1
lost,7
river,2
Napoleon,1
Jackson,2
probably,4
Vicksburg,1
campaign,3
1863,7
Thomas,2
C.,6
district,2
nearly,9
destitute,2
another,23
armory,2
Arkadelphia,5
revived,1
collection,2
armaments,1
small,37
Machinery,1
manufacturing,1
turned,9
quantity,2
excellent,1
Lead,1
mines,2
opened,8
chemical,2
laboratory,3
successfully,5
operated,3
aid,2
Ordnance,4
Department,5
calomel,1
castor,1
oil,8
spirits,3
nitre,1
tinctures,1
iron,6
valuable,3
medicines,1
near,12
Ouachita,1
75,3
miles,8
south,15
tools,3
gathered,4
piecemeal,1
else,2
labor,3
Nothing,1
sort,1
attempted,10
account,6
knowledge,6
taken,5
neither,5
sufficient,1
enterprise,1
among,12
engage,3
undertakings,1
�,1
further,13
lead,10
procured,6
vicinity,2
donation,1
purchases,1
impressments,1
brought,10
rapidly,2
prepared,4
Laboratory,1
illustrating,1
pitiful,1
scarcity,1
country,15
may,25
documents,1
Library,3
cartridge,1
paper,6
Gunsmiths,1
employed,5
conscripted,1
purchased,7
impressed,1
repair,2
guns,18
equal,1
commenced,2
inspecting,1
observing,1
spirit,2
strong,11
Fitch,1
remainder,8
1500,1
Gen,1
l,1
Rust,1
soon,9
shotguns,4
obtained,5
pikes,1
lances,1
days,10
elapsed,1
change,8
effected,2
Confederate,12
establishment,4
reactivated,1
Looking,1
suitable,3
activity,10
Navy,24
borrowed,1
Lieutenant,3
W.,4
Dunnington,8
Lt.,4
gunboat,4
C.S.S,1
Ponchartrain,2
hopes,1
converting,1
ironclad,7
draw,1
pay,3
placed,10
activities,20
included,13
artillery,2
functions,4
rank,2
lieutenant,1
colonel,1
Col.,2
Returns,1
month,14
C.S.A,1
Vol,2
149,1
Chapter,2
IV,1
Captured,1
Rebel,1
Records,6
enlightening,1
scope,12
crucial,3
Post,3
persons,2
No,2
shops,2
open,6
fabricating,1
Material,1
etc,2
employment,1
laborers,3
Lockman,1
C.C,1
Green,2
W.W.,1
Murphy,1
20,16
enlisted,3
foreman,1
clerks,1
gunsmiths,1
repairing,1
laboratorian,1
26,5
carpenter,1
packing,2
boxes,2
performed,12
Fabricated,1
pair,6
bullet,1
moulds,1
buck,4
&,9
ball,5
shot,11
repaired,6
750,1
ordnances,1
guard,2
office,6
police,3
duties,3
inspected,1
Posts,1
build,5
Sanford,11
Faulkner,3
Traveler,1
presumably,1
naval,10
Summary,3
Done,1
shows,3
Fabrication,1
flint,1
275,1
fuzes,1
117,1
rounds,5
pounder,3
canister,1
130,3
96,3
Repaired,2
236,1
service,6
pistols,1
Received,1
Issued,1
752,1
packages,1
painted,4
gun,17
carriages,1
Performed,1
Guard,2
illuminating,1
above,14
months,3
indicating,2
smoothbores,1
remained,18
predominant,1
sixth,3
less,15
obsolete,1
Summaries,1
C.S.A.,1
continue,9
pace,3
scale,4
Appended,1
ominous,1
notation,1
week,2
packed,2
obedience,1
Chief,4
District,2
marks,3
evacuation,1
surrendered,3
advancing,1
Frederick,9
Steele,2
11,12
1864,4
Union,20
recaptured,1
Fredrick,1
briefly,7
seized,2
Joseph,4
Brooks,3
loyalists,1
Baxter,1
1874,3
Decommissioning,1
1873,4
renamed,4
Barracks,1
barracks,3
married,2
families,3
drastically,1
altered,2
inside,3
Prior,3
renovation,1
rear,2
basement,1
door,1
entrance,3
hoist,1
floors,2
1868,1
front,3
porches,1
added,7
interior,2
stairs,1
today,3
including,31
staircase,1
1880,1
born,6
northwest,1
floor,6
father,13
Arthur,2
stationed,5
1880s,2
closing,1
arsenals,1
favor,4
smaller,7
ones,10
railroads,1
quick,2
deployment,2
word,5
Washington,2
must,6
abandoned,2
October,8
1890,2
12,22
1893,1
surrounding,10
traded,7
km,16
²,2
North,14
condition,5
forever,1
exclusively,5
devoted,1
uses,6
purposes,13
park,5
Big,2
Mountain,1
north,7
side,9
Logan,1
H.,5
Roots,1
demolished,1
women,23
societies,1
moved,12
membership,3
larger,15
organizations,3
raised,6
money,7
furnish,1
Columbian,2
Exposition,1
Chicago,4
Fair,1
fair,1
conclusion,1
artifacts,1
exhibit,1
displayed,2
invited,1
meet,6
Room,4
Except,2
meetings,2
largely,6
unoccupied,1
fifty,2
suffered,7
significant,12
deterioration,1
financial,4
even,20
paid,3
electric,1
bill,8
Great,7
Depression,1
headquartered,1
Public,6
20th,4
century,8
Veterans,1
Reunion,1
–,133
1911,11
Over,1
106,1
veterans,1
largest,3
gathering,1
history,22
attended,4
camped,1
camping,1
area,14
Later,8
National,15
1912,3
library,4
1917,3
station,2
now,14
gone,3
band,14
shell,7
Foster,1
longer,4
exists,1
1936,3
Works,3
Progress,2
Administration,2
Fine,1
Arts,2
Center,5
Register,1
Historic,3
Places,2
1970,2
association,8
Sites,1
Landmark,1
designated,9
1994,2
renovated,1
philanthropist,1
Allsop,1
City,7
museum,5
decommissioned,5
Bernie,1
Babcock,1
finally,11
honor,4
Science,1
merged,1
Children,8
Station,2
Discovery,1
relocated,1
historic,4
Market,1
19,20
goal,13
educate,1
inform,1
visitors,1
preserve,1
servicemen,1
servicewomen,1
commemorate,1
Cicely,2
Mary,8
Barker,45
1895,2
16,11
1973,3
illustrator,3
illustrations,2
depicting,4
fairies,3
flowers,3
education,6
girlhood,1
correspondence,2
courses,2
instruction,1
Croydon,14
School,5
Art,8
Her,16
earliest,4
professional,9
greeting,1
cards,5
juvenile,1
magazine,3
Fairies,21
Spring,7
published,14
1923,10
Similar,3
books,6
decades,3
devout,2
Anglican,1
donated,2
artworks,1
Christian,13
fundraisers,1
missionary,1
She,66
few,13
themed,9
’,15
s,11
Book,13
Hymns,4
collaboration,7
sister,17
Dorothy,8
Leadeth,4
Me,4
stained,4
glass,4
window,5
St.,25
Edmund,6
Church,5
Pitlake,5
painting,3
Christ,3
Child,5
Darling,4
Has,2
Come,2
Queen,4
equally,3
proficient,1
watercolour,1
pen,2
ink,2
oils,2
pastels,2
Kate,3
Greenaway,5
Pre,4
Raphaelites,2
principal,2
influences,3
claimed,4
paint,2
instinctively,2
artistic,2
theories,4
died,9
Though,2
she,80
Fairy,6
spring,3
autumn,1
wasn,4
't,16
1985,6
posthumously,2
Biography,1
Early,7
daughter,2
youngest,3
child,11
Walter,2
partner,2
seed,2
amateur,8
artist,2
wife,9
Eleanor,1
Oswald,2
66,2
Waddon,3
Surrey,2
England,6
epileptic,1
cared,1
parents,2
elder,5
care,3
family,22
moderately,1
belonged,2
middle,7
nanny,1
governess,1
cook,1
prepare,3
meals,1
hired,2
spent,8
bed,1
amusing,1
herself,3
nursery,1
Randolph,1
Caldecott,1
exerted,1
1919,4
1908,3
13,17
entered,3
evening,4
school,5
1940s,3
teaching,2
Raphael,3
Tuck,3
Sons,1
bought,5
little,11
drawings,3
sovereign,1
postcards,4
won,8
prize,4
Society,12
poster,1
competition,10
afterward,2
elected,2
critic,7
Advertiser,1
remarked,3
show,7
remarkable,1
freedom,2
promise,1
Following,7
death,14
seventeen,1
submitted,1
poetry,1
My,3
Own,1
Leading,2
Strings,1
annuals,1
mother,16
taught,3
kindergarten,6
private,16
schools,7
supervising,1
household,3
literature,4
releases,3
Coming,1
Sir,1
Conan,1
Doyle,1
Peter,5
Pan,1
J.M,1
Barrie,1
fairy,2
Australian,1
Ida,1
Rentoul,1
Outhwaite,2
sending,1
friends,6
1920s,6
1918,10
postcard,1
elves,1
flower,1
paintings,5
publishers,2
Blackie,32
£,7
25,11
24,14
accompanying,3
verses,1
publication,2
Summer,3
1925,6
royalties,1
Violet,1
Clayton,3
Calthrop,3
author,2
Dion,2
wrote,11
exquisite,1
taste,2
draughtsmanship,1
Waldrons,4
1924,1
level,11
semi,2
detached,1
Victorian,1
studio,7
garden,1
conducted,14
room,4
back,23
frugally,1
Andrew,7
churches,1
privileged,1
sometimes,14
parishioners,1
religious,20
described,26
Canon,1
Ingram,1
Hill,1
pillars,1
children,12
modelled,1
closed,10
1940,3
1958,1
ran,5
borrow,1
students,1
atmosphere,2
never,14
forgot,1
relatives,3
Gladys,1
Tidy,1
Barkers,1
housekeeper,1
posed,1
Primrose,1
plants,1
readily,2
Kew,1
Gardens,2
provide,5
specimens,2
costumes,3
leaves,1
plant,1
trunk,1
wings,1
twigs,1
gauze,1
broken,6
illustration,2
often,33
Costume,1
Middle,4
late,18
doubt,1
doing,2
enough,8
church,4
focusing,2
solely,1
sacred,7
Family,2
recommended,4
secular,1
attend,1
receiving,3
sketching,1
trips,2
Amberley,1
Storrington,4
Sussex,2
Cornwall,1
southern,2
coast,6
visited,2
Margaret,2
Tarrant,2
Gomshall,1
Ugglebarnby,1
Near,4
Whitby,1
Yorkshire,1
maid,1
retired,2
supervise,1
give,8
collaborated,1
Our,3
First,3
1954,3
heart,3
attack,13
unable,5
pursue,1
extent,4
aged,2
devolved,4
manage,1
planning,12
1960,2
1961,3
Duppas,1
Avenue,1
restored,1
maisonette,2
bequeathed,1
friend,3
Edith,1
taking,9
residence,2
deteriorate,1
nursing,1
convalescent,1
homes,3
tended,3
Worthing,1
Hospital,1
77,4
funeral,2
services,9
ashes,1
scattered,1
churchyard,1
1989,1
Warne,7
division,3
Penguin,1
Books,2
1983,3
acquired,4
properties,2
principally,1
watercolor,1
competent,2
white,6
sketchbook,1
capturing,1
interesting,1
indicated,6
tried,3
comes,7
naturally,1
attention,2
childhood,1
favorite,5
influence,14
subjects,3
wear,2
nostalgic,1
clothing,2
though,18
melancholy,1
flat,2
perhaps,3
advances,1
printing,2
technology,1
studied,2
analytical,1
eye,2
Along,2
Alice,1
Woodward,1
influenced,4
lifelong,1
am,1
—,39
technical,2
choice,3
matter,3
admitted,2
fondness,1
Everett,1
Millais,1
wonderful,1
things,11
Edward,3
Burne,1
Jones,1
Depictions,1
sketches,1
given,25
charitable,2
institutions,1
sponsored,1
exhibited,1
covers,2
dust,1
jackets,1
Picturesque,2
Allies,3
1915,6
Seaside,2
Holidays,1
Shakespeare,3
Boy,2
Girl,2
1920,6
Old,9
Rhymes,5
Times,4
1928,2
Lord,2
Rushie,3
1938,2
tale,1
girl,4
swans,1
riverbank,1
critically,2
Set,8
1800,2
Groundsel,4
Necklaces,3
1943,4
tells,2
Jenny,2
rescues,1
poverty,4
agency,5
Scrooge,1
man,6
Mr.,1
Petercoo,1
tonally,1
suggests,2
Dickensian,1
social,11
consciousness,1
Simon,3
Swan,2
outlined,1
1953,1
1988,7
eight,6
guardian,1
angel,1
birthday,2
Promoting,1
Knowledge,4
1916,3
respectively,5
Christmas,3
Girls,2
Friendly,2
46,2
society,11
₤,1
1926,3
hung,1
booklet,1
cover,11
Propagation,1
Gospel,1
exhibition,2
Religious,2
1929,6
1933,4
triptychs,1
Feeding,3
Five,2
Thousand,2
chapel,4
Llandaff,1
House,3
Penarth,2
Wales,5
Parable,2
Supper,2
1934,2
George,3
Chapel,2
disappeared,2
photograph,2
dated,3
reproduces,1
1941,1
sacraments,1
baptismal,3
font,4
rolls,2
wall,4
1948,4
1962,4
1946,2
x,2
7,37
ft.,1
Out,2
Tribulation,2
Memorial,6
Norbury,2
Methodist,1
memorial,2
preparing,2
wash,1
feet,15
disciples,1
installed,2
Cards,1
J.,3
Salmon,2
Mission,1
Preservation,3
Holiday,1
1921,3
Elves,1
S.,1
Harvey,1
Guardian,1
Angel,1
1930s,4
Barton,1
Colton,2
Beautiful,1
Bible,1
1932,1
Songs,3
Thoughts,1
Picture,3
Verse,1
M.,3
K.,2
Westcott,1
Autumn,2
1927,2
rep,1
Hymn,1
New,32
Alphabet,1
1937,4
Trees,2
Came,1
Window,1
Garden,3
Verses,1
Louis,7
Stevenson,1
1944,2
reprinted,1
Wayside,1
1950,1
Lively,3
Macmillan,3
1955,2
Numbers,1
1957,1
Words,1
Sand,1
Sea,6
Sun,3
Gibson,1
Posthumously,1
Winter,1
Seasons,2
Bedrick,1
Prayers,1
Treasury,7
Fairyopolis,2
2005,5
Wild,2
Cherry,1
Makes,1
Pippa,1
Le,1
Quesne,1
2006,12
How,1
find,5
2007,9
Return,1
2008,9
Epiphany,1
43,2
Annuals,1
Cecily,1
Cradle,1
roll,1
1922,2
Banner,3
Sanderstead,1
reredos,1
triptych,2
Seven,1
Sacraments,1
Baptist,1
banner,2
panel,1
Abesford,1
Lettering,1
sword,1
shield,1
mount,1
Forces,2
Andrews,2
Baptismal,1
St,1
Medthodist,1
Am,1
Among,3
Serveth,1
Gambia,19
national,23
football,14
represents,6
international,12
competed,3
match,6
recognised,3
FIFA,10
sport,4
governing,1
organised,2
1998,10
youth,2
teams,6
17,13
U,3
Women,6
Cup,10
qualifiers,3
withdrew,3
regional,7
faces,2
challenges,2
across,13
Africa,4
countries,3
popularity,2
worldwide,3
unranked,1
sanctioned,1
participated,6
tournaments,1
African,3
Championship,3
Games,4
Confederation,1
Football,3
Azerbaijan,2
fielded,1
narrowed,1
initial,10
pool,1
49,4
girls,1
SOS,1
Village,1
Bakoteh,1
Sierra,2
Leone,2
qualifying,2
matches,1
tournament,1
Banjul,1
delayed,1
hours,11
Makeni,1
beat,3
qualify,1
final,14
round,12
Tunisia,3
Adama,1
Tamba,1
Awa,1
Demba,1
scored,10
Gambian,1
win,15
qualified,4
2002,4
Morocco,1
Background,4
access,9
amongst,3
inequalities,1
human,32
rights,2
abuses,1
targeting,2
Funding,1
impacting,1
assistance,1
associations,3
Another,8
challenge,1
retention,1
Many,9
footballers,1
leave,2
continent,1
seek,3
greater,16
opportunity,2
Europe,5
founded,3
1952,1
affiliated,1
1968,2
organized,2
launched,7
course,6
Competition,2
active,7
scholastic,1
levels,7
2009,9
staffers,1
dedicated,2
Association,16
representation,1
board,3
charter,3
Plain,1
maskray,14
plain,11
brown,4
stingray,3
Neotrygon,3
annotata,3
species,22
Dasyatidae,1
shallow,2
soft,2
bottomed,1
habitats,3
northern,3
Australia,7
Reaching,1
cm,14
9,18
width,2
diamond,2
shaped,10
grayish,3
green,2
pectoral,2
fin,6
disc,8
whip,1
tail,5
alternating,3
bands,2
folds,1
below,12
rows,1
thorns,3
base,10
skin,6
smooth,4
possesses,1
dark,4
mask,3
pattern,9
eyes,4
genus,5
ornately,1
patterned,1
maskrays,4
Benthic,1
nature,16
feeds,1
mainly,5
caridean,2
shrimp,2
polychaete,3
worms,3
lesser,3
bony,2
fishes,2
viviparous,2
females,4
producing,6
litters,1
nourished,1
gestation,1
via,8
histotroph,2
uterine,2
milk,2
lacks,2
economic,7
value,8
caught,4
incidentally,1
bottom,5
trawls,1
able,7
withstand,1
gracile,1
distribution,4
fecundity,1
International,7
Conservation,2
Nature,2
IUCN,2
Threatened,2
Taxonomy,2
phylogeny,1
scientific,2
description,3
authored,1
Commonwealth,1
Scientific,1
Industrial,1
Research,2
Organisation,1
CSIRO,1
researcher,1
1987,4
Memoirs,1
Victoria,1
annotatus,1
Latin,3
notatus,1
marked,5
refers,1
ray,2
coloration,2
holotype,1
male,6
21,12
Western,5
paratypes,1
tentatively,1
Dasyatis,2
group,24
bluespotted,1
kuhlii,2
William,5
White,1
elevated,2
basis,3
morphological,1
molecular,1
phylogenetic,2
analysis,2
mitochondrial,1
nuclear,1
DNA,1
Ningaloo,1
N.,4
ningalooensis,1
basal,1
divergence,1
lineage,1
estimated,12
occurred,5
~,2
Ma,2
Furthermore,2
individuals,3
sequenced,1
study,7
sorted,1
genetically,1
clades,1
suggesting,2
cryptic,1
complex,13
putative,1
diverged,1
precipitating,1
event,4
likely,4
splitting,2
ancestral,1
population,2
coastline,1
changes,8
Description,3
thin,4
narrowly,1
rounded,1
outer,2
corners,2
measuring,2
wide,7
margins,3
gently,1
concave,1
converge,1
broad,4
angle,1
pointed,2
tip,2
snout,1
close,8
together,7
spiracles,3
nostrils,1
elongated,1
skirt,1
flap,1
mouth,5
bears,2
prominent,5
furrows,1
contains,2
slender,2
papillae,2
Small,3
pairs,3
gill,1
slits,1
pelvic,1
fins,1
fairly,1
barely,2
exceeding,1
intact,2
flattened,1
usually,9
stinging,1
spines,1
stings,3
ventral,2
fold,3
shorter,2
dorsal,2
dermal,1
denticles,1
midline,1
row,2
closely,6
spaced,1
becoming,8
pinkish,1
shape,1
blotches,1
variable,1
underside,1
grows,3
45,8
Distribution,1
habitat,1
inhabits,1
continental,1
shelf,1
Wellesley,1
Islands,2
Queensland,1
Bonaparte,1
Archipelago,1
Gulf,1
Carpentaria,1
Timor,1
Arafura,1
Seas,1
unsubstantiated,1
reports,4
range,13
extends,3
Papua,1
Guinea,1
least,8
native,5
region,10
dweller,1
prefers,2
fine,4
sediment,1
62,2
39,2
203,2
ft,14
deep,1
tends,2
farther,2
shore,4
Biology,1
ecology,1
hunts,1
surface,4
substrate,6
digging,1
prey,2
diet,1
consists,2
predominantly,3
eaten,1
penaeid,1
prawn,1
amphipod,1
Larger,1
rays,4
consume,1
variety,6
relatively,3
compared,5
parasitized,1
tapeworm,1
Acanthobothrium,1
jonesi,1
stingrays,1
developing,2
embryos,1
sustained,2
term,11
Mature,1
functional,4
ovary,1
uterus,1
Litter,1
size,15
newborns,1
measure,5
Males,1
reach,3
sexual,1
maturity,2
widths,1
maximum,6
lifespan,1
males,1
Human,1
interactions,3
conservation,1
threat,2
incidental,1
capture,2
commercial,25
trawl,1
fisheries,1
caused,3
Northern,2
Prawn,1
Fishery,1
operates,4
Although,15
discarded,1
delicate,3
bodied,1
thus,9
unlikely,2
survive,1
encounters,1
trawling,1
gear,1
Historically,1
Chinese,2
Taiwanese,1
trawlers,1
fished,1
intensively,1
1959,1
1990,9
These,30
factors,5
coupled,2
reproductive,1
rate,5
resulted,8
assessed,2
Columbus,39
Jackets,43
season,55
Hockey,11
League,9
NHL,37
record,25
note,2
worst,7
straight,3
missed,5
playoffs,3
Consequently,1
receive,2
selection,3
Entry,5
Draft,9
lottery,4
Edmonton,3
Oilers,3
pick,8
start,17
Head,3
Coach,5
Scott,5
Arniel,4
fired,8
replaced,6
Assistant,2
Todd,4
Richards,6
personnel,4
trade,21
Star,10
forward,4
Jeff,7
Carter,10
fanfare,1
prospect,2
rebuild,1
looming,1
captain,2
Rick,8
Nash,13
requested,3
controversial,1
loss,13
Los,5
Angeles,5
Kings,9
Staples,4
clock,10
appeared,15
freeze,1
seconds,5
allowing,6
score,4
tying,2
winning,7
overtime,2
managed,5
streaks,1
helping,2
finish,6
65,3
total,14
Off,2
changed,4
moving,2
deal,12
Manager,2
Howson,8
acquisition,3
Jakub,1
Voracek,1
draft,15
eighth,4
Philadelphia,20
Flyers,2
exchange,4
fans,9
management,6
center,6
alongside,5
Next,2
negotiating,1
free,12
agent,3
Wisniewski,5
career,21
high,17
51,3
York,14
Islanders,2
Montreal,1
Canadiens,1
fifth,6
highest,5
league,7
defenseman,5
scoring,12
Tobias,1
Enstrom,1
terms,17
hour,6
prior,8
signing,3
33,3
million,12
former,12
Nikita,2
Filatov,2
Ottawa,2
Senators,3
failed,7
expectations,2
44,3
seasons,4
questioned,2
veteran,3
goaltender,9
Steve,3
Mason,10
Calder,1
Trophy,7
winner,4
struggled,2
consecutive,3
Mark,2
Dekanich,2
50,9
minutes,7
sign,3
Curtis,5
string,2
AHL,2
affiliate,1
Springfield,1
Falcons,1
training,18
ankle,1
sprain,1
line,10
Additionally,7
groin,2
injury,7
Allen,4
entering,1
December,9
injured,5
losing,9
streak,10
minute,2
Jason,1
Spezza,1
tied,8
power,24
Milan,1
Michalek,1
notched,1
helped,7
futility,1
Detroit,3
Red,4
Wings,3
milestones,1
reached,10
debut,9
Johansen,3
Moore,2
Grant,2
Clitsome,1
assists,3
momentum,1
struggle,5
culminating,1
struggling,2
shake,2
roster,3
Letestu,1
Pittsburgh,3
Penguins,12
Kris,1
Russell,3
Blues,5
Nikitin,1
clubs,4
slow,4
Ken,1
Hitchcock,5
coached,2
playoff,8
contract,18
Before,2
fruition,1
permission,3
hire,3
coaching,4
amassed,1
frame,1
Boston,5
Bruins,2
shootout,4
posting,1
38,3
average,6
.947,1
percentage,2
starts,3
might,9
numerous,1
hit,4
warm,2
ups,2
concussion,3
Vancouver,3
Canucks,3
suffering,5
cramping,1
temporarily,2
breaking,3
seen,10
However,16
going,4
stretch,1
continuing,1
trading,4
discussions,1
inquired,1
better,5
willing,5
waive,1
clause,1
publicly,3
intention,2
More,1
attributed,1
Réseau,1
des,1
sports,2
unhappy,1
demanded,1
ever,7
unsure,2
deadline,6
approaching,2
speculation,4
picked,2
Reports,1
trying,1
100,9
percent,1
halfway,1
double,9
digit,1
wins,1
sitting,2
interim,4
Minnesota,1
Phoenix,5
Coyotes,5
fortunes,1
break,8
owner,1
P.,4
McConnell,2
letter,6
stating,6
understanding,3
frustration,1
disappointing,1
committed,1
proud,1
thanked,1
dedication,2
passion,1
reiterating,1
consistently,2
compete,1
Stanley,3
Days,1
protest,2
Nationwide,1
Arena,1
Fans,1
upset,2
calling,3
protested,1
host,4
2013,14
representative,8
star,2
represented,22
rookie,2
participant,1
Super,1
Skills,1
Allstate,1
Insurance,1
Breakaway,1
Challenge,1
judged,2
%,4
vote,1
road,10
Drew,1
Doughty,1
Upon,2
froze,1
expiring,1
Dean,1
Lombardi,1
correct,3
extra,1
corrects,1
blog,1
amazing,1
coincidence,1
mad,1
scramble,1
our,2
net,2
dying,2
hockey,5
stopped,3
adding,1
Either,1
deliberate,2
stopping,2
malfunctioned,1
Senior,1
Vice,1
Operations,1
Colin,1
Campbell,1
wronged,1
outcome,1
delay,3
noticed,1
ice,5
Toronto,5
pause,1
investigation,1
talking,1
manufacturer,1
interviewing,1
weeks,6
unlike,1
earlier,9
proposals,2
involving,10
actively,1
shopping,1
options,1
improving,1
Speculation,1
ask,1
combination,3
proven,2
prospects,1
picks,3
dealt,2
Antoine,1
Vermette,1
McElhinney,2
Despite,4
believed,23
flexibility,2
Jack,1
Johnson,11
Samuel,2
Pahlsson,1
fourth,7
Taylor,1
Ellington,1
rebuilding,1
phase,2
huge,1
bringing,2
assets,1
view,4
thing,3
organization,2
personally,3
shutout,3
Colorado,2
Avalanche,2
proceeded,2
posted,2
regulation,9
victories,2
defeated,3
earn,1
immediately,3
matched,1
ten,6
eliminated,5
contention,2
Shortly,2
clinched,1
30th,1
Three,2
skate,1
Gillies,1
Playing,2
saves,2
starter,2
led,9
shots,3
Mike,2
lowest,3
shorthanded,1
64,3
penalty,1
kill,1
76,2
Finishing,1
weighted,1
48,4
drafting,1
leapfrog,1
secure,2
dropped,1
participations,1
coach,5
press,3
conference,1
continuously,1
earned,2
Standings,1
expansion,4
Central,2
Division,6
Conference,2
Blackhawks,1
Nashville,1
Predators,1
36,3
Divisions,1
CE,1
NW,1
Northwest,1
PA,1
bold,1
y,1
Won,2
p,1
Presidents,1
Schedule,1
results,4
background,6
indicates,3
Silver,2
Player,3
statistics,5
collectively,3
Penalty,2
infractions,1
season.Plus,1
minus,2
statistic,2
effect,3
Below,1
listing,6
Skaters,1
Pos,1
Position,1
GP,2
G,2
Goals,3
Assists,1
Pts,1
PIM,1
+,4
Plus,1
Goaltenders,1
Played,1
TOI,1
Time,1
Ice,2
W,1
Wins,1
L,6
Losses,2
OT,1
Overtime,1
GA,87
Against,3
GAA,1
Average,1
SA,1
Shots,1
SV,1
Saves,2
Sv,1
Save,1
Percentage,1
SO,1
Shutouts,1
†,1
Denotes,1
joining,2
Stats,1
reflect,3
‡,1
Traded,1
mid,3
Milestones,1
remedy,1
University,7
Michigan,1
Shawn,2
Hunwick,6
tryout,1
NCAA,1
Tournament,1
skipped,1
astronomy,2
drove,2
worn,5
2003,4
Ford,1
Ranger,1
depth,3
chart,2
behest,1
teammates,3
put,15
ninth,3
Conversely,2
Vaclav,1
Prospal,1
"1,000th",1
Transactions,1
parted,2
defensemen,1
Jan,3
Hejda,2
Anton,2
Stralman,2
Sami,1
Lepisto,2
Commodore,2
undervalued,1
offers,3
unrestricted,1
agents,4
big,2
waived,1
minors,1
replace,2
departed,4
Radek,1
Martinek,2
missing,3
Brett,1
Lebda,1
Gregorian,7
Italian,17
Torre,3
Gregoriana,1
Winds,5
dei,1
Venti,1
Gallery,1
Maps,1
connects,2
Villa,9
Belvedere,2
Apostolic,2
Palace,2
Vatican,8
1578,1
1580,2
Bolognese,1
architect,1
Ottaviano,1
Mascherino,1
credited,7
Calendar,2
Reform,2
commissioned,5
Pope,10
Gregory,2
XIII,6
promulgated,1
1582,2
Specola,1
Astronomica,1
Vaticana,2
Observatory,2
Four,2
stages,3
progressive,1
edifice,1
astronomical,2
observations,8
sundial,4
confirmation,2
reform,4
Julian,3
calendar,3
stage,8
Leo,4
motu,2
proprio,2
Ut,2
mysticam,2
1891,2
1572,1
1585,1
directive,1
equip,1
greatest,1
experts,1
appointed,2
BC,11
verify,1
reforms,3
Fr,1
Christoph,1
Clavius,1
Jesuit,1
mathematician,1
Roman,14
College,2
expert,2
committee,7
suggested,6
73,1
metres,11
240,2
flanked,1
della,1
Pigna,1
courtyards,1
instrumentation,4
observation,3
sun,14
falling,1
meridian,1
Ignazio,2
Danti,2
Perugia,1
circular,1
marble,2
plate,2
centre,2
embellished,1
remains,4
undergone,1
centuries,6
17th,1
18th,1
librarian,1
Mgr,2
Filippo,1
Luigi,1
Gilii,3
clergyman,1
Basilica,2
Earlier,1
1797,1
Pius,4
VI,4
approval,2
inscription,1
Specula,1
implemented,1
Cardinal,1
Zelada,1
enhance,1
observatory,12
apart,1
normal,1
devices,1
meteorological,3
magnetic,1
seismograph,1
transit,3
pendulum,2
Dolland,1
Telescope,1
facilitated,1
recording,5
occurrences,2
eclipse,1
comets,1
Satellites,1
Jupiter,1
Mercury,1
patronage,1
rotary,1
domes,1
strategic,4
locations,4
300,8
400,7
fortification,1
thousand,2
respected,1
polyglot,1
physics,1
biology,1
archeology,1
Hebrew,1
language,3
1821,2
continuous,1
twice,4
AM,1
PM,1
conforming,1
programme,1
Mannheim,1
Meteorological,1
manuscript,1
preserved,3
Subsequent,1
discontinued,1
Established,1
1787,1
Third,1
revival,2
initiated,1
Barnabite,1
Francesco,1
Denza,2
High,1
generous,1
donations,1
Hicks,1
London,2
automatic,1
Paris,2
inch,19
equatorial,3
instrument,3
clocks,1
chronometers,1
Modena,1
1888,1
gift,2
telescope,2
Father,2
joined,8
1889,7
upgraded,1
overlooking,1
border,5
diameter,5
56,3
thickness,1
bear,4
load,3
photographic,1
refractor,1
Augustinian,1
Rodriguez,1
meteorologist,1
1898,1
1905,2
promulgating,1
seat,2
decision,2
altering,1
roof,1
terrace,1
Fourth,1
remedying,1
communicating,3
towers,2
historical,3
carry,3
linking,2
fortified,1
83,1
272,1
bridge,5
spanning,1
gap,2
semicircular,1
bastion,1
gendarmes,1
heliograph,1
camera,1
photoheliograph,1
Pio,1
erected,1
result,12
modifications,1
Pontifical,1
Academy,1
Lincei,1
seismic,1
shifted,1
Valle,1
di,2
Pompei,1
Astronomical,1
rooms,1
Repsold,1
machines,2
astrographic,1
plates,2
explanatory,1
notes,6
atlas,1
stars,4
Charts,3
printed,1
silver,22
bromide,1
Features,1
mezzanine,1
famous,2
Sundial,2
Meridian,3
loggia,1
Urban,1
VIII,1
enclosed,4
subsequently,7
decorated,2
sequences,1
frescoes,2
Lagi,1
Flemish,1
Paul,1
Matthijs,1
Bril,1
Today,2
Cristoforo,1
Roncalli,1
Matteino,1
da,1
Siena,1
Christina,1
Sweden,1
Catholicism,1
modified,1
additions,1
current,4
sophisticated,4
anemoscope,2
fixed,9
ceiling,3
papal,1
cosmographer,1
running,3
height,2
noon,1
according,10
contrast,7
mechanism,4
strength,3
wind,1
functioning,3
Athens,1
source,1
inspiration,2
hall,2
richly,1
cases,6
gaudy,1
hills,1
countryside,3
Pantheons,1
shipwrecks,1
Jesus,2
calming,1
storm,1
forth,2
Got,13
Be,12
Way,12
songwriter,1
Mariah,3
Carey,14
titled,4
album,45
Columbia,3
Kingdom,32
Ric,2
Wake,4
session,2
composition,1
track,18
socio,1
political,10
conscious,1
R,3
B,3
pop,2
addresses,1
existence,6
racism,2
aspirational,2
garnered,3
mixed,6
reception,3
vocals,7
highlights,1
injustices,1
Singles,1
Chart,1
Co,2
Narada,1
Michael,3
Walden,1
appears,3
engineered,1
Bob,1
Cadway,1
Cove,1
Sound,3
Studios,2
Power,1
assisted,3
Dana,1
Jon,1
Chappelle,1
David,5
Frazer,1
Tarpan,1
San,8
Rafael,1
keyboards,2
rhythm,3
engineering,1
Biancaniello,1
Joe,2
Franco,1
Vernon,1
Rich,1
Tancredo,1
performing,2
Afanasieff,1
synth,1
horns,2
Billy,2
T.,2
Jamiliah,1
Muhammed,1
Ensemble,1
CD,2
remixes,1
vinyl,1
Composition,1
gospel,2
activism,2
got,3
connect,1
begins,3
denouncing,1
uplifting,1
we,7
tolerant,1
resort,1
Couldn,1
accept,3
Can,1
ourselves,1
aware,2
Critical,2
Christgau,1
brave,1
idealistic,1
destitution,1
Ralph,1
Novak,1
Hiltbrand,1
Grogan,1
testimony,1
talent,2
write,3
clarity,1
makes,5
mesmerizing,1
mark,3
twenty,4
Billboard,3
Trevor,1
Anderson,1
2015,5
melodic,1
opener,2
Vision,1
Love,1
highlighted,1
stark,1
lyrical,1
differences,1
writing,8
deploys,1
whistle,1
aim,3
memorable,1
empty,1
street,5
followed,6
clips,1
disadvantaged,1
poorer,1
daily,5
dominoes,1
wooden,4
crate,1
gang,1
fun,1
elderly,1
hanging,1
newspapers,1
obese,1
walks,1
Clips,1
leaning,1
steps,1
looking,1
happening,1
shown,13
chorus,1
everyone,2
dance,2
joyfully,1
choir,1
crowded,1
ages,1
backgrounds,1
rejoicing,1
neon,1
says,8
Track,2
listings,1
Original,2
version,9
52,1
remix,2
Alternative,2
Vocal,1
Dub,1
Mix,1
Nebraska,7
Highway,5
88,15
N,26
highway,4
northwestern,1
terminus,1
Wyoming,3
151,4
WYO,3
travels,2
eastward,1
71,8
Bridgeport,6
ends,3
intersection,2
385,4
92,5
1986,7
Route,1
County,2
northeast,2
bends,1
mile,2
32,3
intersects,2
streets,1
rural,2
farmland,4
concurrent,1
concurrency,3
travel,2
sixteen,2
enters,3
Morrill,2
crosses,3
Pumpkin,2
Creek,2
unincorporated,1
community,4
Redington,1
rock,1
formations,1
Courthouse,1
Jail,1
Rocks,1
visible,3
toward,2
railroad,3
BNSF,1
Railway,1
Roads,1
NDOR,1
calculated,1
410,1
traveling,2
315,1
county,1
expressed,4
annual,3
traffic,7
AADT,1
Only,4
System,2
NHS,1
network,4
highways,1
identified,3
important,27
economy,4
mobility,1
defense,2
unofficially,1
connecting,3
86,2
adequate,2
legal,2
define,3
renumbered,2
rerouted,1
alignment,1
Between,6
1981,1
82,1
extending,1
intersections,1
USS,4
Atlanta,26
casemate,5
Navies,1
Scottish,1
blockade,9
runner,2
Fingal,11
Confederacy,3
run,4
Savannah,12
Georgia,10
attempts,1
blockaders,2
ship,39
captured,3
monitors,10
aground,4
floated,1
rearmed,2
deployed,2
supporting,5
1865,4
reserve,2
Several,4
Haiti,3
sea,3
1869,3
voyage,1
merchantman,1
J,1
Thomson,1
Clyde,1
Bank,2
Iron,1
Shipyard,1
Govan,1
Glasgow,2
Scotland,2
Midshipman,1
Dabney,1
Scales,2
masted,1
hulled,1
189,1
57,3
beam,4
tonnage,1
700,3
tons,7
bm,1
equipped,2
vertical,4
cylinder,3
direct,6
acting,9
steam,3
engines,7
generated,2
flue,1
tubular,1
boiler,1
speed,11
knots,5
h,5
mph,5
bore,1
inches,13
991,1
mm,20
stroke,1
762,1
ports,3
Hutcheson,1
Highland,1
Service,4
D.,1
Bulloch,8
primary,8
Britain,5
deliver,1
supplies,4
disguise,1
cargo,5
crew,9
Bermuda,2
Nassau,2
Bahamas,1
loaded,2
Greenock,1
Bullock,1
passengers,3
attempt,7
rendezvoused,1
Holyhead,2
night,7
slowly,4
rounding,1
breakwater,1
rammed,1
sank,1
Austrian,2
brig,2
Siccardi,1
swinging,1
anchor,2
lights,1
embarked,1
steamer,3
instructing,2
settle,1
damages,1
owners,2
afford,2
affair,1
lest,1
detained,1
port,14
anyone,2
objected,1
plan,7
join,2
slip,1
safely,3
estuary,1
fog,1
sighting,1
discharging,1
went,4
Richmond,3
confer,1
Stephen,1
Mallory,7
Secretary,5
endorsed,1
cotton,2
sell,2
ships,24
coal,4
impossible,1
controlled,10
every,5
channel,3
aided,1
occupation,1
Tybee,1
Island,3
hopeless,1
brothers,4
Asa,1
Nelson,1
Tift,1
convert,1
financed,2
contributions,1
cut,2
deck,2
sponsons,1
sides,2
hull,3
conversion,1
204,1
41,1
displaced,3
006,1
022,1
t,5
armor,9
angled,1
°,3
horizontal,1
layers,3
rails,1
rolled,1
180,2
layer,3
vertically,2
inner,3
horizontally,1
backed,2
oak,1
oriented,1
191,1
pine,3
508,2
waterline,2
59,4
pyramidal,1
pilothouse,2
armored,6
rectangular,1
pierced,1
narrow,2
bow,5
stern,4
protected,2
shutter,2
riveted,1
elevate,1
banded,2
178,1
Brooke,3
pivot,1
mounts,2
occupied,3
163,1
weighed,4
pounds,5
800,6
kg,9
80,6
pound,8
piercing,2
bolts,2
110,3
explosive,1
shells,5
equivalent,5
solid,1
ram,2
reinforced,1
steel,1
bars,1
spar,2
torpedo,6
powder,1
pole,2
connected,11
lever,1
lowered,1
means,9
pulleys,1
July,6
Charles,3
McBlair,1
trials,2
Pulaski,1
difficult,12
steer,1
weight,2
significantly,6
reduced,5
waters,1
leaked,1
virtually,2
air,29
circulation,8
report,3
intolerable,1
ventilation,1
heat,1
intense,2
commented,3
diary,2
What,1
comfortless,1
infernal,1
God,1
forsaken,1
!,5
Attempts,1
fix,1
leaks,1
22,6
flagship,2
Flag,1
Officer,1
Josiah,1
Tattnall,7
defenses,3
Under,5
pressure,2
blockading,2
ironclads,3
arrived,7
engineers,1
clear,2
obstacles,2
blocking,1
timely,1
manner,2
coordination,1
actually,2
Nonetheless,2
pass,2
obstructions,3
tide,5
winds,1
prevented,1
water,6
rising,1
allow,3
passed,6
Port,4
Royal,5
Carolina,6
attacking,3
Charleston,1
Deserters,1
Tatnall,1
waiting,1
Wassaw,2
retreat,2
augmented,2
Dissatisfied,1
lack,6
aggressiveness,2
squadron,4
Commander,3
L.,1
Page,2
relieved,1
A.,5
Webb,6
demonstrated,4
sortie,3
broke,6
pull,2
rejecting,1
complete,2
meantime,1
Rear,1
Admiral,5
F.,3
Du,1
Pont,1
Atlantic,2
Blockading,2
Squadron,5
Weehawken,7
Nahant,5
Rodgers,1
Wilmington,1
coaling,1
concealed,2
easy,2
sink,2
Isondiga,1
tugboat,1
Resolute,1
accompany,1
tow,2
lookout,1
aboard,1
spotted,2
04,1
landed,2
sandbar,2
pushed,2
onto,2
get,2
200,4
yards,2
270,1
279,1
381,1
struck,31
penetrated,1
backing,3
spraying,2
splinters,1
fragments,2
disabled,1
cleanly,1
penetrate,3
Dahlgren,3
leak,1
glanced,1
starboard,1
wounding,2
pilots,24
hard,2
maneuver,1
positions,2
reply,2
damage,3
inflicted,1
resistance,2
124,1
wounded,1
badly,2
require,1
hospitalization,1
easily,4
pulled,2
Not,3
350,2
crews,2
Cimarron,1
signaling,1
150,2
Parrott,3
amidships,1
calibers,2
elevation,2
currently,2
Willard,1
Yard,1
defend,3
Dawn,1
dispersed,1
cavalry,1
Powhatan,1
upriver,1
Trent,1
Reach,1
Sam,1
Ward,1
delivered,1
representatives,3
Sydney,4
Oaksmith,1
lawyer,1
advance,1
260,1
Customs,1
possibly,2
violations,1
neutrality,1
laws,1
recruits,1
Sylvain,1
Salnave,1
embroiled,1
civil,12
sailed,3
au,1
Prince,2
Delaware,2
Bay,5
Chester,1
Pennsylvania,2
Triumph,1
Triumfo,1
vanished,4
en,2
apparently,3
sinking,1
Cape,1
Hatteras,1
Capes,1
Jacqueline,5
Fernandez,42
Sri,11
Lankan,4
actress,3
model,5
Miss,5
Universe,6
Lanka,7
pageant,5
graduated,2
degree,3
mass,4
communication,4
reporter,3
modelling,1
assignment,2
India,14
auditioned,2
Sujoy,2
Ghosh,2
drama,2
Aladin,2
breakthrough,1
Mohit,1
Suri,1
psychological,1
thriller,7
Murder,2
success,8
glamorous,3
roles,14
ensemble,3
comedy,4
Housefull,5
Race,3
box,3
successes,1
performance,12
IIFA,4
Award,5
Best,3
Supporting,2
Actress,2
nomination,2
lady,1
Sajid,4
Nadiadwala,3
Kick,5
grossing,3
Bollywood,5
films,2
actresses,2
recipient,1
Debut,2
Year,6
Female,2
screen,1
humanitarian,1
modeling,4
Manama,1
Bahrain,4
ethnic,1
Elroy,1
Kim,2
Malaysian,1
descent,1
grandfather,1
Canadian,3
grandparents,1
Goa,1
musician,1
1980s,2
escape,3
unrest,3
Tamils,1
Sinhalese,1
hostess,1
hosted,1
age,2
fourteen,2
pursued,1
graduating,1
Berlitz,1
languages,1
learnt,1
Spanish,2
French,3
Arabic,1
aspired,1
fantasized,1
Hollywood,2
movie,2
Acting,2
accepted,7
industry,13
crowned,1
ground,8
medium,1
shedding,1
inhibitions,1
knowing,1
confidence,2
O,1
Sathi,1
duo,1
Bathiya,1
Santhush,1
traveled,2
mentorship,1
theatre,1
Barry,3
film,14
interest,3
Riteish,1
Deshmukh,2
Princess,1
Jasmine,1
reviews,7
Anupama,2
Chopra,3
NDTV,3
plastic,1
debutant,1
e,1
Rajeev,3
Masand,3
CNN,1
IBN,1
confident,1
critical,7
failure,2
opposite,8
science,2
fiction,1
romantic,3
Jaane,2
Kahan,2
Se,2
Aayi,2
Hai,2
Venus,3
lands,2
Earth,1
search,2
Rediff.com,3
Sukanya,1
Verma,1
gamely,1
fool,1
whilst,1
aping,1
actions,6
ranging,2
Sridevi,1
Naagin,1
Mithun,1
Chakravarthy,1
Disco,1
Dancer,1
violent,2
headshake,1
Hum,1
Tara,1
keeper,1
intent,1
turning,2
Barbie,1
Critic,1
pin,1
prick,1
balloon,3
cameo,1
Khan,7
Dhanno,1
Mahesh,1
Bhatt,1
marker,1
Priya,1
lonely,1
confused,2
relationship,6
Arjun,2
Bhagwat,1
Emraan,1
Hashmi,2
boldness,1
sex,2
Gaurav,2
Malini,2
tastefully,1
tempting,1
romance,1
literally,1
baked,1
Akshay,2
Kumar,3
Asin,1
productions,1
₹,3
billion,5
negative,4
looks,1
blathering,1
bimbo,1
pleasure,1
14th,2
Awards,3
Saif,1
Ali,1
Deepika,1
Padukone,2
Ameesha,1
Patel,1
Anil,1
Kapoor,2
cinematic,1
trashy,1
Omisha,1
femme,1
fatale,1
fencing,1
acrobatics,1
emerged,7
domestic,1
gross,1
scathing,1
Saibal,1
Chatterjee,1
strut,1
wound,1
automatons,1
decked,1
nowhere,1
Jaadu,1
Ki,1
Jhappi,1
Prabhu,1
Deva,1
Ramaiya,1
Vasta,1
Vaiya,1
directorial,1
remake,1
Telugu,1
starred,1
Salman,1
Shaina,1
psychiatry,1
student,1
voice,1
Sneha,1
Francis,3
incredibly,1
dazzling,1
magic,3
Raja,2
Sen,2
dialogue,1
unfortunate,1
revenue,1
Vicky,1
Singh,1
Roy,3
Sarita,1
Tanwar,1
boring,1
exhausting,1
pretentious,1
dual,1
Ayesha,1
Aamir,1
filmmaker,2
Rampal,1
Tia,1
Desai,1
thief,1
Ranbir,1
TV,3
till,1
date,4
miscast,1
guest,1
satire,1
Bangistan,1
Karan,1
Malhotra,2
Brothers,1
starring,2
Sidharth,1
fearless,1
challenging,1
departure,2
reputation,1
portraying,1
Film,2
Dhriti,1
Sharma,1
Zee,1
News,1
timid,1
promising,1
convincingly,1
ing,1
pleasing,1
fighter,2
Subhash,1
Jha,1
gives,4
finest,2
emotive,1
plays,2
sobbing,1
gets,3
deliriously,1
happy,2
seeing,2
contained,3
projects,2
shooting,1
Chandran,1
Rutnam,1
crime,1
Mathew,1
horror,1
Definition,2
Fear,1
appear,5
Rohit,1
Dhawan,3
Dishoom,1
Varun,2
Grandson,1
Entertainment,1
Remo,1
D,3
'Souza,1
Flying,5
Jat,1
Tiger,1
Shroff,1
Indo,1
Abhay,1
Deol,1
Amitabh,1
Bachchan,1
Jackie,1
Chan,1
Gold,5
Struck,1
shares,1
bond,4
admits,1
miss,1
everyday,3
don,4
realise,1
you,5
staying,1
responsible,4
myself,2
priorities,1
vegetarian,1
40,4
observe,1
Lent,1
Ash,1
Wednesday,1
Holy,1
Saturday,1
dating,1
Bahraini,1
prince,1
Hassan,1
bin,1
Rashid,1
Al,2
Khalifa,1
whom,4
mutual,1
party,1
separated,2
filming,1
attracted,2
media,2
coverage,1
impending,1
wedding,1
ended,5
supported,5
organisations,2
causes,2
behalf,1
Ethical,1
Treatment,1
Animals,2
PETA,2
Mumbai,4
Municipal,1
Commissioner,1
horse,2
drawn,3
carriage,1
rides,1
consulate,1
Philippines,1
T,1
Perera,1
Colombo,2
hasten,1
elephant,1
housing,1
Manila,1
Zoo,1
humane,1
sanctuary,3
auctioned,2
breakfast,1
Mayfair,1
4000,2
Pratham,1
NGO,1
helps,1
Woman,2
advocating,1
protection,4
animals,5
outfits,2
online,1
portal,1
philanthropic,1
Some,20
wore,2
Party,3
Mind,1
Hangover,1
2016,1
Builds,1
funds,1
victims,1
floods,1
concert,2
tours,1
televised,1
award,2
ceremonies,4
Temptations,1
Reloaded,1
Auckland,1
Perth,1
Shah,1
Rukh,1
Rani,1
Mukerji,1
Madhuri,1
Dixit,1
Talent,1
Stage,1
Live,3
Priyanka,1
restaurant,1
Kaema,1
Sutra,1
chef,1
Dharshan,1
Munidasa,1
specialises,1
contemporary,2
cuisine,1
ambassador,2
HTC,1
endorses,1
Bridal,1
Fashion,1
Week,1
IBFW,1
spokesperson,1
Gareth,1
Pugh,1
Forevermark,1
Diamonds,1
inaugural,1
Forever,1
Gillette,1
Shaving,1
Arbaaz,1
Aditya,1
Kapur,1
analysing,1
Slowly,1
steadily,1
climbing,2
ladder,1
comfortably,1
grasping,1
accordingly,2
contrary,1
Charu,1
Thakur,1
banking,1
Eastern,2
Eye,3
Sexiest,1
Asian,1
ranking,1
twelfth,1
ranked,3
Desirable,1
seventh,2
fourteenth,1
preceding,2
Dressed,1
Actresses,1
Forbes,1
Celebrity,1
income,1
celebrities,1
magazines,1
Vogue,1
FHM,1
Maxim,1
Cosmopolitan,1
Grazia,1
Elle,1
Verve,1
Harper,1
Bazaar,1
Health,1
'Officiel,1
Filmography,1
Appearances,1
Cullen,46
1964,3
Hartford,6
Whalers,5
Maple,2
Leafs,3
Tampa,4
Lightning,13
standout,2
scorer,2
Buffalo,3
Sabres,5
Supplemental,2
chose,5
offer,5
Flint,3
Spirits,2
IHL,7
co,2
Rookie,2
Valuable,1
halted,1
diagnosed,3
Non,2
Hodgkin,2
lymphoma,2
brief,2
comeback,4
disease,2
Bill,2
Masterton,2
retiring,2
assistant,3
brother,7
car,3
dealership,6
business,12
automotive,1
Puslinch,1
Ontario,2
Loretta,2
uncles,2
Brian,1
Ray,1
pressured,1
preferring,1
enjoy,1
idolized,1
Terry,3
neck,4
boards,1
college,1
sought,2
universities,1
scholarship,1
choosing,1
BU,4
cancer,8
freshman,1
contemplated,1
convinced,2
cope,1
drew,1
East,6
Coast,2
Athletic,2
84,2
unclaimed,1
1984,2
Teams,1
Collegiate,1
Team,2
241,1
25th,1
anniversary,1
Passed,1
157,2
Gatschene,1
sharing,1
Gary,1
Longman,1
Ed,1
Belfour,1
outstanding,1
minimum,3
superior,3
89,1
appearing,1
79,1
Mario,1
Lemieux,2
Canada,2
offensive,3
centres,1
94,3
declined,6
needs,1
blockbuster,1
1991,5
Zarley,1
Zalapski,1
Parker,1
Ron,1
Ulf,1
Samuelsson,1
Jennings,1
concerned,2
playmaking,1
leadership,2
Phil,1
Bourque,1
share,2
championship,3
overcome,2
disappointment,2
booed,1
dissatisfaction,1
regular,5
Playoffs,1
invitation,1
participate,2
expired,1
insurance,1
concerns,4
Still,3
worth,2
1992,4
Midway,1
93,1
1993,3
injuries,1
ability,3
herniated,1
doctors,2
feared,2
bulky,1
brace,1
re,8
Tony,1
Esposito,1
1995,3
immediate,2
linemates,1
Burr,1
Alexander,2
Selivanov,1
trio,1
looked,1
1996,2
97,1
flu,1
symptoms,2
fighting,5
spot,1
Cancer,3
quietly,1
dealing,1
trainers,1
check,1
illness,3
chest,1
CAT,14
scan,1
baseball,1
sized,1
tumor,2
diagnosis,1
chemotherapy,1
treatments,2
precautionary,1
test,1
cells,3
98,1
uniform,3
#,1
wheeling,1
hospital,1
corridor,1
cardiac,1
requiring,1
defibrillator,1
revive,1
bone,1
marrow,1
transplant,1
immune,1
contact,6
examination,1
99,2
Innsbruck,1
Austria,5
sat,1
bench,1
disbelief,1
greeted,1
loud,1
ovation,1
introduced,8
evident,1
Cleveland,3
Lumberjacks,1
demotion,1
Wolves,1
bout,1
bronchitis,1
fear,2
Tests,1
spending,1
realized,1
interested,1
retirement,1
recognition,1
1999,3
perseverance,1
Comeback,1
Former,1
Crisp,1
stood,2
saying,3
“,1
us,1
”,1
Valerie,2
daughters,1
Kennedy,2
twins,1
Karlyn,1
Kortland,1
Unwilling,1
spend,1
settled,2
Jonesboro,1
dealer,3
apprenticing,1
Dodge,1
Newnan,1
Chrysler,1
recovery,1
Automotive,1
manager,1
Timm,1
Harmon,1
Moffitt,1
Centre,1
raise,2
awareness,1
itself,6
Fights,1
program,1
promoting,2
initiative,2
marrying,1
Carolyn,1
Bessette,1
future,1
Jr,1
attending,1
Career,1
namesake,1
key,3
SMS,16
Erzherzog,21
Ferdinand,17
Max,16
Lissa,1
see,2
German,5
Majesty,2
Archduke,2
dreadnought,7
battleship,4
Austro,23
Hungarian,23
1902,1
Karl,8
1903,2
Battleship,1
Pola,7
Croatia,1
engagements,1
1914,3
formed,10
flotilla,4
Goeben,3
Breslau,4
British,29
Mediterranean,4
advanced,3
far,6
Brindisi,4
sole,2
combat,3
engagement,1
bombardment,8
Ancona,11
suppressing,1
mutiny,3
cruisers,5
Cattaro,3
Otranto,5
Barrage,2
Szent,3
István,3
sunk,2
Design,3
472,1
640,1
414,1
126,1
manned,1
sisters,7
surpassing,1
Habsburg,2
tonnes,1
968,1
propelled,2
shaft,2
triple,2
ihp,1
423,1
kW,1
armament,4
centimeter,3
twin,5
turrets,4
centerline,2
replica,1
Krupp,1
C,3
Habsburgs,1
secondary,2
twelve,1
42,1
Škoda,2
mounted,4
casemates,1
wing,11
yd,1
muzzle,1
velocity,1
600,3
minute.The,1
tertiary,2
boats,2
centimetres,1
manufactured,1
Anti,2
aircraft,84
airship,3
covered,6
37,1
millimeter,1
Vickers,1
anti,2
1910,6
fitted,1
tubes,2
rarely,8
outbreak,4
fleet,12
mobilized,3
eve,1
flight,14
attempting,1
Messina,2
surrounded,5
Turkey,4
breakout,2
succeeded,3
eastern,2
Italy,5
navy,3
expended,1
signal,1
semaphore,1
stations,2
74,1
190,2
aimed,2
batteries,2
installations,1
Sankt,2
Georg,2
Kaiser,2
suppression,1
restoration,1
Miklos,1
Horthy,3
assault,3
Karls,1
Tegetthoff,4
battleships,9
Novara,1
Allied,7
Strait,3
replicate,1
raid,1
destroy,2
luring,1
lighter,6
heavier,2
torpedoed,1
boat,1
element,2
surprise,2
compromised,1
operation,12
handed,2
Slovenes,3
Croats,3
Serbs,3
reparation,1
scrap,3
Ancient,2
Egyptian,71
deities,100
gods,174
goddesses,11
worshipped,4
Egypt,25
beliefs,8
rituals,15
core,1
religion,20
sometime,2
prehistory,2
Deities,6
natural,3
phenomena,6
Egyptians,29
appeased,1
offerings,9
function,2
maat,16
divine,50
founding,1
3100,3
tasks,1
pharaoh,5
temples,21
characteristics,8
myths,9
intricate,1
relationships,6
ties,2
loose,1
groups,11
hierarchies,1
combinations,8
diverse,5
humans,18
objects,7
alluded,1
symbolism,1
eras,3
solar,5
deity,31
Ra,19
god,79
Amun,21
goddess,16
Isis,15
creation,14
scholars,8
argued,4
writings,6
recognize,1
lay,1
Yet,5
polytheistic,4
era,4
Atenism,8
impersonal,1
Aten,3
Gods,7
capable,4
influencing,2
interacted,2
shrines,2
reasons,4
rites,3
prayed,1
compel,1
advice,3
Humans,2
relations,2
fundamental,4
beings,6
tradition,7
labeled,2
count,1
texts,16
unknown,2
vague,3
indirect,2
references,1
Egyptologist,4
estimates,5
whereas,7
colleague,1
Leitz,1
thousands,2
nṯr,4
feminine,2
nṯrt,1
Scholars,3
discern,1
proposing,2
etymologies,2
words,3
suggestions,1
acceptance,1
origin,2
obscure,2
hieroglyphs,3
ideograms,2
determinatives,1
traits,4
divinity,1
signs,3
flag,1
flying,27
entrances,1
Other,7
falcon,3
reminiscent,2
depicted,8
falcons,2
seated,1
egg,1
determinative,1
birth,4
cobra,3
reflecting,4
depict,4
distinguished,5
nṯrw,1
rmṯ,1
meanings,2
perfectly,1
applied,7
sphere,2
Deceased,1
supernatural,1
demons,5
depicts,3
places,7
concepts,5
personified,6
ideas,3
myth,10
ritual,4
mentioned,2
metaphors,2
Confronting,1
blurred,1
distinctions,1
definitions,1
definition,7
Assmann,3
cult,13
universe,5
mythology,4
Dimitri,1
Meeks,1
focus,12
From,2
king,10
coronation,1
deceased,2
souls,2
realm,7
Likewise,2
preeminence,2
maintained,4
devotion,3
Origins,1
Dynastic,2
Period,4
c,6
2686,2
Predynastic,3
prehistoric,1
artwork,3
animal,6
figures,3
images,13
cattle,2
say,2
whether,6
grew,8
clearer,1
predynastic,2
resemble,5
iconographies,3
Horus,17
crossed,2
arrows,1
stand,2
Neith,2
enigmatic,1
Egyptologists,1
anthropologists,1
Gustave,1
Jéquier,1
instance,6
revered,2
primitive,1
fetishes,1
Henri,2
Frankfort,2
envisioned,2
regarded,5
simplistic,1
Siegfried,1
Morenz,1
hypothesis,1
distinguish,1
personify,1
environment,2
independent,6
villages,1
Because,7
strongly,2
towns,5
regions,6
pantheon,5
disparate,1
communities,3
coalesced,1
states,9
spreading,2
intermingling,1
worship,11
culture,2
divisions,1
step,6
formation,10
unification,1
rulers,1
Upper,1
pharaohs,5
kings,12
subordinates,1
right,5
interact,3
kingship,2
unifying,1
emerge,2
transformation,1
2181,1
suddenly,2
inspire,1
represent,9
counterparts,1
deaths,2
royal,4
venerated,2
veneration,2
court,1
architects,1
Imhotep,1
Amenhotep,1
son,4
Hapu,1
lifetimes,2
Through,1
neighboring,2
civilizations,1
adopted,5
Dedun,1
Nubia,4
Baal,1
Anat,1
Astarte,1
Canaanite,1
1550,2
1070,1
Greek,5
332,1
AD,2
absorbed,4
cults,6
Characteristics,1
Modern,1
scribes,1
priests,5
elite,6
populace,4
illiterate,1
broader,1
knew,1
understood,2
Commoners,1
perceptions,1
differed,3
example,10
mistaken,3
symbolic,4
statements,1
literal,2
truth,1
belief,8
consistent,1
traditions,4
cohesive,1
Roles,1
immanent,1
physical,5
abstract,2
Shu,2
deification,1
Meretseger,1
oversaw,2
earth,8
Theban,1
Necropolis,1
Sia,1
notion,3
perception,4
Khnum,1
Elephantine,1
midst,2
Nile,5
civilization,2
flood,3
fertilized,1
outgrowth,3
living,3
fashioning,1
bodies,7
potter,1
wheel,1
Atum,6
Khepri,2
acted,2
overarching,2
universal,3
disruption,2
prominently,1
Apep,2
chaos,8
constantly,3
threatening,1
annihilate,1
ambivalent,1
disorder,5
foment,1
Short,1
rainbows,1
eclipses,1
fluid,1
expand,1
categorize,1
spheres,2
creator,12
beyond,2
boundaries,2
cosmos,6
cleverest,1
omniscient,1
Wilkinson,1
argues,2
suggest,6
evolved,2
omniscience,1
omnipresence,1
transcend,2
limits,1
specialized,3
domains,1
divinities,1
firm,2
Claude,1
Traunecker,1
draws,1
distinction,1
genies,1
patron,7
marsh,1
Wadj,1
Wer,1
harvest,1
Renenutet,1
hostile,3
causing,4
troubles,1
Their,4
protective,3
Duat,6
dead,2
advise,1
watch,1
landscape,1
unpredictable,1
powers,4
Demons,1
servants,2
messengers,1
hierarchy,2
Bes,1
Taweret,2
demon,1
Behavior,1
Divine,3
behavior,3
govern,2
disrupted,2
heka,2
Heka,1
hymns,2
funerary,5
vaguely,2
imagined,1
past,4
Periodic,1
mythic,3
succession,3
reenacted,2
accession,1
throne,1
Osiris,12
Myths,1
fully,7
understand,2
contain,3
contradictory,2
contradictions,1
faceted,1
multiplicity,3
approaches,2
behave,1
feel,1
emotion,2
eat,1
drink,1
weep,1
sicken,1
die,1
aggressive,2
impulsive,1
Thoth,3
prone,1
winded,1
speeches,1
archetypes,1
inconsistent,1
thoughts,1
motivations,1
plots,1
elaborate,1
storytelling,1
Ogdoad,1
precedes,1
establishes,1
Ptah,4
embodies,1
creativity,1
envisioning,1
naming,1
produces,4
emanations,1
promoted,2
priesthood,1
preceded,1
process,6
undifferentiated,1
rule,6
setting,2
withdrawing,3
installing,1
recurring,1
maintain,2
vicious,1
battles,1
battling,1
clearest,1
dies,10
murder,1
resurrected,1
ruler,3
grow,3
journey,3
sky,10
dawn,1
rejuvenating,1
primordial,2
Funerary,1
corpses,1
enlivened,1
Instead,4
changelessly,1
immortal,1
periodically,2
reborn,1
repeating,2
renewing,2
whole,6
cycle,1
poorly,2
calamity,1
destined,1
happen,1
dissolve,1
amid,2
Locations,1
linked,5
includes,3
Surrounding,1
formlessness,1
existed,1
dwell,4
withdrawal,1
earthly,1
treated,3
remote,1
inaccessible,1
distant,2
inhabited,2
beneficial,2
orderly,2
invisibly,1
Temples,3
humanity,2
statues,5
temple,13
realms,3
focal,1
cities,4
centered,1
presided,2
establish,4
Therefore,1
necessarily,1
importance,5
Thebes,4
2055,1
1650,2
Montu,1
prominence,1
Names,1
epithets,4
express,1
refer,4
keeping,2
relate,3
origins,2
predatory,1
Sekhmet,2
powerful,4
hidden,1
Nekhbet,1
Nekheb,2
Nut,1
Geb,1
devised,1
false,2
Coffin,1
Texts,2
renders,1
Sokar,2
sk,1
r,1
cleaning,1
Opening,1
Mouth,1
Pyramid,1
shouted,1
conveyed,1
natures,1
profoundly,1
know,4
poisons,1
refuses,1
cure,2
reveals,1
learning,2
gain,1
possessor,1
splendor,1
Abydos,1
lord,2
describe,3
overlapping,1
accumulating,1
titles,3
epithet,3
Werethekau,1
enchantress,1
expresses,1
multifarious,1
Relationships,1
shifting,2
array,1
connections,2
protector,1
healer,1
patroness,1
Such,5
type,5
procreation,1
Families,1
quintessential,1
widespread,7
centers,3
Nefertum,1
Mut,2
Khonsu,1
triads,1
Genealogical,1
changeable,2
perspectives,2
Hathor,8
fertility,3
circumstances,3
interrelated,2
mythological,1
sets,3
nome,1
province,2
symbolically,1
Paired,1
unity,2
dynamic,1
static,2
shrouded,1
darkness,1
merge,3
Groups,1
plurality,2
connote,1
completeness,1
Rulers,1
Heliopolis,2
threefold,1
Sometimes,1
Nineteenth,1
Dynasty,2
embodiment,1
emphasized,2
coherent,1
Nine,1
product,3
multitude,2
enneads,1
ennead,2
Ennead,1
descended,2
incorporates,1
assemblage,1
mythologically,1
older,4
apex,1
periods,7
frequently,1
exalted,1
rose,2
Ptolemaic,3
queen,2
Newly,1
adopt,1
rise,3
conjoined,1
traditional,12
Manifestations,1
manifest,1
conception,1
soul,2
ba,8
component,3
Any,1
manifestation,2
depiction,1
ka,1
vessel,1
inhabit,2
bas,3
ascribed,1
kas,2
Everything,1
Hand,1
Nationally,1
manifestations,6
Nekhen,1
Buhen,1
Edfu,2
stealing,1
clothes,2
oracle,2
communicate,1
messages,2
Pe,1
Khenty,3
consulted,3
oracles,4
hoping,2
judgment,2
vulnerable,2
counted,1
iconography,3
Sobek,2
ruling,1
Horakhty,1
Horemakhet,1
rare,3
occasion,1
sexes,2
Min,2
syncretism,3
practice,4
meant,4
fuse,1
competing,1
syncretized,3
acknowledged,1
overlap,1
Syncretic,1
separately,1
irty,1
khety,1
subsumed,1
cow,3
Bat,1
Khenti,1
Amentiu,1
supplanted,1
Anubis,3
monotheism,2
reign,1
Akhenaten,4
1353,1
1336,1
ceased,1
fund,1
monuments,1
dramatically,1
Whereas,2
integrated,1
existing,4
insisted,1
excluded,4
totally,1
excludes,2
picture,2
complicated,1
apparent,1
tolerance,2
Dominic,1
Montserrat,1
monolatrous,1
worshipping,1
acknowledging,1
case,3
aberrant,1
theology,1
root,1
successors,3
Unity,1
debated,1
asserted,1
deeper,1
unified,4
Reasons,1
debate,2
tendency,1
credit,4
surpasses,1
wisdom,3
E.,4
Wallis,1
Budge,1
commoners,2
monotheistic,3
reserved,1
Breasted,1
pantheistic,2
Hermann,1
Junker,1
1971,1
Erik,1
Hornung,4
rebutting,1
views,4
unspecified,1
generic,2
whichever,1
reader,1
chooses,1
revere,1
restricted,3
finite,2
interchangeable,1
Henotheism,1
describes,2
labels,1
moment,1
denying,1
merging,1
concludes,3
nonexistence,1
arguments,1
believe,2
allows,4
maintains,1
extreme,1
trend,1
equated,5
dismissed,3
Then,1
backlash,1
priestly,1
theologians,1
coexisted,2
polytheism,1
especially,7
dominant,2
coexisting,1
notions,1
fit,3
henotheistic,1
ordinary,3
worshippers,1
recognized,3
identifying,1
Descriptions,1
depictions,2
materials,2
flesh,4
gold,94
bones,1
hair,2
lapis,1
lazuli,1
scent,1
likened,1
incense,1
precise,1
descriptions,2
suit,1
underlying,3
representations,1
symbolize,2
hieroglyphic,1
dog,1
jackal,1
creature,1
scavenging,1
habits,1
threaten,2
preservation,1
buried,1
mummies,4
counter,3
employ,2
coloring,1
alludes,2
mummified,1
fertile,1
soil,4
saw,7
symbol,1
resurrection,3
lioness,1
bovine,1
ears,1
anthropomorphism,1
zoomorphism,1
inanimate,1
Combinations,1
heads,2
increasingly,8
arose,1
horn,1
headdress,2
alone,2
Certain,2
useful,1
determining,2
identity,1
image,7
hybrid,1
Fischer,1
lion,3
headed,1
sphinx,1
conversely,1
headdresses,1
crowns,1
indicator,2
tend,2
Male,1
staffs,1
stalks,1
papyrus,1
ankh,1
creatures,1
cobras,1
absent,1
Intermediate,3
Similarly,1
anthropomorphic,2
styles,2
kilt,1
beard,1
shirt,1
tight,1
fitting,1
dress,1
basic,7
nude,1
adult,1
procreative,1
bellies,1
breasts,1
signifying,1
androgyny,1
prosperity,1
abundance,1
red,2
yellow,2
colors,2
unusual,1
blue,1
paunchy,1
figure,3
Hapi,1
nourishing,1
mummiform,1
limbs,1
tightly,1
swathed,1
cloth,2
examples,6
predate,1
wrapped,1
mummification,1
hark,1
limbless,1
Interactions,1
Relationship,1
ruled,1
Living,2
Pharaohs,1
mortuary,1
portray,1
disagree,3
genuinely,2
status,2
rationale,1
periodic,1
presentation,1
nourish,1
ideology,3
stead,1
acts,3
Presence,1
inhabiting,1
object,1
ḏsr,1
isolated,1
ritually,2
pure,1
Temple,3
reliefs,1
Apis,1
bull,1
intermediaries,1
Dreams,1
trances,1
venue,2
interaction,7
Finally,1
afterlife,2
filled,1
statue,3
sanctuaries,2
triad,1
employing,2
residents,1
residing,1
insulate,1
impurities,1
exception,2
festival,3
processions,4
portable,1
shrine,2
prayer,2
doorways,1
freestanding,1
chapels,2
Communities,1
gulf,1
opportunities,1
Intervention,1
peoples,1
traditionally,1
foreigners,1
benign,1
overseer,1
allot,1
lifespans,2
Meskhenet,1
Shai,1
personification,1
fate,5
governed,4
inspiring,2
decisions,4
intellect,1
commands,3
governance,2
regulating,2
mention,2
divinely,1
enforced,1
codes,1
Morality,1
interfere,1
upholders,1
morality,2
righteousness,1
verdict,1
innocence,1
admittance,1
practical,2
uphold,1
strict,1
rules,4
laid,2
ignore,1
guidance,2
bring,2
punishment,2
manifested,1
disasters,1
ailments,1
angry,1
righteous,1
extend,1
intervention,3
Shed,1
rescue,2
harm,1
Petbe,1
apotropaic,1
avenge,1
wrongdoing,1
unjustly,1
Misfortune,1
isfet,2
cosmic,1
guilty,1
evil,2
blamed,1
guilt,1
accuse,1
misery,1
theodicies,1
Beginning,2
fights,1
rebellion,5
withdraws,1
misbehavior,1
question,1
emphasize,1
intervene,1
faith,1
hoped,4
upholding,1
ideals,1
gaining,1
Even,2
dependent,2
Worship,1
practices,6
benefit,4
festivals,2
intervals,1
clothed,1
anointed,1
presented,2
food,1
recited,1
celebrated,1
generosity,1
encouraged,1
benevolent,1
vengeful,1
Festivals,1
ceremonial,1
barque,1
kinds,1
inundation,1
riverbanks,1
invoke,1
fruitful,1
Processions,1
Dendera,1
consort,1
Rituals,1
repetitions,1
effects,1
Khoiak,1
crops,1
sprout,1
greenery,1
symbolized,2
renewal,1
information,1
convey,1
answers,1
questions,1
Amulets,1
ward,1
impart,1
wearer,1
Private,11
invoked,3
accomplish,1
healing,1
sickness,1
cursing,1
fend,1
misfortune,1
performer,1
rite,1
threatened,5
involve,1
accomplishing,1
prayers,2
obtaining,1
Prayer,1
piety,2
Evidence,1
Votive,1
theophoric,1
reaching,1
peak,1
thanks,1
stelae,1
figurines,1
praying,1
desired,1
relief,3
statuette,1
Occasionally,1
dedicating,1
latest,1
innovations,1
cat,1
feline,1
Bastet,1
Canaan,3
pharaonic,2
exported,3
waned,1
deified,1
imported,1
Kush,1
Nubian,2
kandake,1
Minoan,1
Crete,1
Siwa,1
Oasis,1
Greeks,1
Romans,1
Greco,2
interpretatio,1
graeca,1
swallowed,1
philosophy,1
architecture,1
Meanwhile,2
Harpocrates,1
fused,1
Serapis,2
emperors,1
endorse,1
empire,1
mix,2
transmuted,1
legendary,1
esoteric,2
teacher,1
Hermes,2
Trismegistus,2
Mesopotamia,1
mystery,1
deteriorated,1
Christians,1
suppressed,2
Philae,1
hundred,2
magical,1
persisted,1
Coptic,2
Given,1
Muslim,1
ancestors,1
Heaven,23
thrash,2
metal,9
Slayer,32
producer,2
Rubin,6
Reign,8
Blood,9
sound,1
evolve,1
enter,2
Def,4
Jam,3
Recordings,3
partnership,1
Simmons,2
Geffen,1
Warner,1
Bros.,1
distributor,1
refusal,1
peaked,2
certification,3
Recording,1
Industry,1
America,4
offset,1
deliberately,1
slowed,3
tempo,2
albums,8
utilized,1
undistorted,2
guitars,2
toned,2
accustomed,2
disappointed,2
Mandatory,7
Suicide,7
setlist,2
California,4
PopMatters,3
reviewer,2
Adrien,3
Begrand,3
observed,3
shoves,1
Dave,3
Lombardo,6
drumming,1
Guitarist,2
Hanneman,7
discussed,1
Aware,1
couldn,1
whatever,1
Kerry,4
King,12
cited,1
guessing,1
consciously,1
biography,3
vocal,2
lackluster,1
Arizona,1
Describing,1
odd,2
didn,3
We,2
dry,2
spells,1
gon,1
na,1
guess,1
hitting,1
spell,1
describing,1
feels,1
vocalist,1
Tom,2
Araya,4
singing,1
Drummer,1
dimming,1
And,3
Again,1
Judas,1
Priest,1
Dissident,1
Aggressor,1
lot,1
Cleanse,1
Soul,1
heavily,3
hates,2
fucking,1
think,2
horrible,1
Laughs,1
hate,1
riff,2
la,8
lala,1
section,1
medley,2
'd,1
boxset,1
Soundtrack,3
Apocalypse,3
Photography,1
Artist,1
Larry,1
Carroll,1
Illustrator,1
Howard,1
Schwartzberg,1
Photographer,1
Glen,1
Friedman,2
promotional,2
surfaced,2
seem,1
matured,1
bit,1
really,3
cool,3
classic,2
label,2
founders,1
certified,2
demonstrating,1
desire,2
musically,1
avoid,1
Alex,1
Henderson,1
AllMusic,2
disturbing,2
Matera,1
Ultimate,1
Guitar,1
slight,2
sacrifice,1
heaviness,1
inherent,1
Reviewing,1
underrated,1
selections,2
thinks,1
KNAC.com,1
Atkinson,1
grandiosity,1
imposing,1
magnificent,1
Grave,1
Ola,1
Lindgren,1
Bolt,1
Thrower,1
Willetts,1
Kolesne,1
Brazilian,1
Krisiun,1
remembers,2
hearing,1
Silent,3
Scream,3
blew,1
fast,3
kicks,1
discussing,1
Evile,1
frontman,1
Matt,1
Drake,1
Metal,2
try,1
afraid,2
experiment,1
sounding,1
remarks,1
expecting,1
hear,2
Part,1
ll,1
Neely,1
Rolling,1
Stone,1
satanic,1
drivel,1
sounds,1
Roberts,1
Westworld,1
Online,1
sludgier,1
Sabbath,1
bloomer,1
kind,2
everybody,2
Cover,1
interpretations,1
tribute,3
Toni,1
Ferguson,1
quartet,1
String,1
Quartet,1
Tribute,2
Evil,1
Dread,1
menacing,1
chord,1
shifts,1
Johnny,1
Loftus,1
Slatanic,2
Slaughter,2
Spill,1
Cemetary,1
Crown,1
Thorns,1
Grope,1
follow,2
namely,1
Vader,1
Read,1
Lies,1
Anathema,1
Straight,1
Hell,1
collected,1
renditions,1
originated,1
Abaddon,1
Venom,1
Electric,1
Hellfire,1
Behind,2
Crooked,2
Cross,2
Gigantor,1
Argentine,1
Sur,1
Del,1
Abismo,1
Tributo,1
Argentino,1
Nafak,1
Climatic,1
Terra,1
Hatebreed,1
Ghosts,2
Lions,1
Korn,1
Kid,1
intro,2
Integrity,1
2000,1
Modest,1
Mouse,1
Califone,1
Pro,1
Pain,1
Polish,1
Decapitated,1
Creation,1
Bodom,1
Hate,1
Crew,2
Deathroll,1
Hardcore,1
Punk,1
Mongoloids,1
Heartfest,1
performances,1
constant,1
fixtures,1
notching,1
DVDs,1
Intrusion,1
Warfield,1
Reigning,2
deluxe,1
Decade,1
Aggression,1
guested,1
Finnish,1
cellist,1
Apocalyptica,1
Headbanger,1
Netherlands,1
unorthodox,1
theory,2
megaton,1
bomb,1
detonating,1
dozens,1
inverted,1
projected,1
drum,1
riser,1
sinewy,1
kicked,1
overture,1
cymbal,1
crashes,1
tom,1
fills,1
crescendo,1
listening,1
rendition,2
thinking,1
‘,3
Man,1
groove,1
kids,1
Listen,2
groovy,1
JÄGERMUSIC,1
Rarities,1
2004,4
Jägermeister,1
Tour,1
Illusion,1
Unholy,1
Alliance,1
tour,2
wants,2
shoot,1
isn,1
attests,1
confessed,1
Let,1
Chemical,1
Warfare,1
fly,9
toyed,1
Abyss,1
hasn,1
seriously,1
Maniacs,1
footsteps,1
replied,3
trendy,1
'll,1
commenting,1
Probably,1
Personnel,1
drums,1
certifications,1
aviation,23
defined,2
transport,22
operating,3
schedule,2
Aviation,17
Organization,2
ICAO,4
remunerated,3
sector,14
jets,5
rotorcraft,1
piston,6
jet,3
engined,2
gliders,10
craft,1
corporate,4
taxi,3
contribution,2
aerial,7
surveying,3
ambulances,1
recreation,1
vintage,4
encompasses,1
racing,3
aerobatics,3
parachuting,1
registered,8
cent,19
engaged,9
annually,4
accounts,2
35,3
flown,5
associated,5
affordable,1
microlights,7
aeroplanes,2
helicopters,5
Pilot,9
Licence,8
holders,1
glider,9
licences,4
aerodromes,24
landing,4
sites,7
airports,14
farm,2
strips,1
134,2
cousin,1
employs,2
contributes,1
regulated,6
Authority,2
CAA,22
regulatory,6
European,9
Safety,3
Agency,2
EASA,13
standards,11
airworthiness,5
pilot,14
licensing,5
objective,3
safety,4
spectrum,3
gliding,9
transition,1
Airspace,3
increasing,3
flights,12
profitable,3
remit,2
significance,2
favour,1
catering,1
market,2
addressing,1
aerodrome,13
environmental,4
regarding,1
noise,14
levelled,1
Definitions,1
defines,2
mail,1
remuneration,3
agriculture,1
photography,1
patrol,1
advertisement,2
Organisations,1
restrictive,3
Business,2
interprets,1
aeroplane,2
helicopter,4
airlines,1
Armed,1
Services,2
Awareness,2
Council,2
applies,2
scheduled,5
depart,1
Aero,3
Muswell,1
Manor,1
Isle,1
Sheppey,1
1909,2
Brabazon,1
prefix,1
controlling,1
issuing,1
introduction,4
de,8
Havilland,2
DH.60,1
Moth,1
revolutionised,1
recognising,1
vital,1
necessity,1
Aeroplane,1
scheme,1
1939,1
60,5
trained,2
airfields,12
facilities,8
Sywell,1
Surplus,1
Beccles,1
Ministry,1
regulate,2
departments,1
1972,2
infrastructure,2
manufacturers,1
Cessna,5
Piper,2
172,2
170,1
1956,1
selling,1
Single,1
Rogallo,1
1950s,2
fostered,1
hang,4
1960s,2
1970s,2
experiments,2
motorised,1
blend,1
technologies,1
mature,1
resulting,4
microlight,4
milestone,1
Learjet,1
popularised,1
Activities,1
balloons,3
airships,3
paragliders,1
gyrocopters,1
ex,2
Flights,1
broadly,3
categorised,2
Commercial,5
fall,3
aligned,1
specified,1
customer,2
providing,1
flexible,2
airline,4
Air,5
parties,1
employees,1
clients,1
Aircraft,9
spectators,1
Formula,1
grand,1
prix,1
Silverstone,2
involves,3
Cranfield,1
race,2
heliport,1
busiest,1
airport,2
Aerial,1
characterised,1
simplest,1
crop,1
ambulance,1
businesses,1
recreational,9
intending,1
professionally,1
lessons,1
rented,2
movements,2
70,2
operator,2
rely,1
unsponsored,1
argument,2
claim,1
healthy,1
severe,2
reduction,1
merit,1
recruitment,1
gloomy,1
outlook,1
reliance,1
foregoes,1
individually,1
syndicate,1
survey,1
visits,1
Half,2
overnight,1
stay,1
factory,1
seater,1
touring,1
Examples,2
PA28,1
Cherokee,1
Cirrus,1
cost,1
133,1
Recent,1
trends,1
increase,5
cheaper,3
Robinson,1
R22,1
R44,1
recent,2
RV,1
Europa,1
thirds,2
Dragon,1
Rapide,1
airliner,1
WWII,3
Spitfire,1
looser,1
Hawker,1
Hunter,1
exhibits,1
displays,1
spectator,1
Sports,3
Competitive,1
Regionals,1
competitions,3
bigger,1
Races,2
handicapped,2
normally,3
Success,2
regionals,1
progress,1
nationals,1
progressing,1
wingspan,2
flaps,2
restrictions,6
championships,3
Handicapped,1
propeller,1
driven,1
160,1
laps,1
circuit,2
Faster,1
slower,3
diving,1
races,1
France,2
Channel,1
prizes,1
Schneider,1
culminates,1
Racing,2
Championships,1
Aerobatic,1
powered,5
Ireland,1
Starting,1
Beginner,1
Standard,3
Advanced,3
Unlimited,3
requires,1
wider,3
repertoire,2
aerobatic,1
progressively,1
eligible,1
Parachute,2
disciplines,1
accuracy,1
landings,1
freefall,1
gymnastics,1
skydiving,2
canopy,2
freestyle,1
freeflying,1
skysurfing,1
medals,1
Aerodromes,2
Aerodrome,4
collective,1
terminology,1
characterise,1
airfield,2
Study,2
GASAR,5
analysed,1
687,1
classifying,1
374,1
smallest,4
strip,1
operate,4
categories,1
classification,1
e.g,8
Midlands,1
Oxford,1
Andrewsfield,1
Rufforth,1
airstrips,4
Tilstock,1
Chilbolton,1
Hampshire,2
actual,1
criteria,2
categorise,1
parameters,1
peer,1
experienced,3
Airports,2
runways,3
navigation,2
aids,2
urban,3
fringes,1
exclude,2
rurally,1
prevalent,1
grass,2
surfaces,1
Navigation,1
scarce,1
informal,2
radio,2
replaces,1
Survey,1
OS,2
fuel,2
maintenance,1
basically,1
hangar,1
uncommon,1
licensed,5
licence,3
satisfy,3
conditions,4
environs,1
acceptable,2
effective,1
suitably,1
exceptions,1
Duxford,1
unlicensed,3
Group,2
joint,2
concluded,5
requirement,1
reviewed,1
context,1
corresponding,7
requirements,3
lifted,1
Scale,1
comprised,1
Estimates,1
47,3
Airline,1
Transport,2
certainty,1
Pooleys,1
Flight,5
Guide,4
lists,3
355,2
Airplan,1
Equipment,1
VFR,2
Lockyears,1
Farm,1
Strips,1
Airfields,1
guides,1
759,1
customs,1
enthusiast,1
contribute,1
roughly,2
Nearly,1
Trends,1
sectors,4
severely,3
curtailed,1
decline,4
flyers,1
Recreational,1
usage,1
primarily,3
Glider,1
gradual,1
launching,1
motor,1
register,1
reflects,1
turboprop,1
growing,2
pressures,1
segment,1
costs,2
weather,1
nil,1
utilisation,2
103,1
asset,1
weakening,1
profitability,1
confirm,1
Regulation,1
Efforts,1
assuring,1
appropriate,2
qualification,2
Joint,3
Authorities,2
JAA,1
framework,3
implement,2
Requirements,1
JAR,4
EU,3
regulator,2
legislating,1
areas,9
Proposed,1
developments,2
specifically,3
Devolved,1
Within,1
retains,2
oversight,1
Microlight,3
BMAA,1
LAA,3
formerly,1
Popular,1
Parachuting,1
Balloon,2
overseen,1
Airship,1
NPPL,3
administered,1
Pilots,3
Licensing,2
Ltd,1
Owners,1
Gliding,4
Separate,1
formally,1
legislation,4
Hang,2
paragliding,1
i.e,2
Paragliding,1
Airworthiness,3
legally,1
Certificate,2
Permit,2
Fly,2
airspace,15
notably,1
Permits,1
typically,6
relevant,1
PPL,2
permits,1
holder,1
Regulations,1
FCL,2
absence,3
gyroplane,1
licenses,1
excessively,1
bureaucratic,1
expensive,6
easier,2
obtain,1
stringent,1
medical,1
privileges,1
grants,1
valid,1
respect,1
defining,1
certifying,1
badge,1
630,1
accidents,4
139,2
fatal,2
317,1
handling,2
judgement,1
airmanship,1
omission,1
inappropriate,1
compare,1
claiming,2
exceptional,1
Issues,1
eroded,1
operational,1
Difficulty,1
compounded,1
consideration,1
impact,2
subjecting,1
negotiate,2
users,2
controller,1
uncontrolled,2
autonomously,1
Controlled,1
provision,2
mixing,1
undesirable,1
untenable,1
operators,2
Class,4
prohibiting,1
borders,1
receipt,1
Coupled,1
errors,1
hundreds,1
infringements,1
Increases,1
nationally,1
squeezed,1
concentration,1
risk,1
hot,1
spots,2
Regional,1
Edinburgh,1
Airport,3
commercially,1
operationally,1
incompatible,1
discrimination,1
discourage,1
increases,3
charges,3
imposition,1
fees,1
restrict,1
deny,1
parking,1
limit,1
refuse,2
busy,1
Heathrow,1
Stansted,1
Gatwick,1
Manchester,1
facto,1
urbanisation,1
Weald,1
Ipswich,1
Bristol,2
Filton,1
Referring,1
performs,1
concern,2
nodes,1
Planning,3
viability,1
lacking,1
viable,2
policy,1
recourse,1
factor,1
unfamiliar,1
Gransden,1
comply,1
thereby,1
inhibiting,1
conceived,1
unviable,1
unsafe,1
Criticism,1
opinion,2
worsening,1
emissions,1
criticised,1
respondents,1
consultation,1
frivolous,1
selfish,1
complaints,3
enquiries,1
incidents,1
parachute,2
dropping,1
alleged,2
advises,1
perceive,1
tonal,1
repetitive,2
altitude,1
audible,2
drop,2
tug,1
concentrated,2
zone,1
erratic,1
intrusive,1
alleviate,1
abatement,1
procedures,1
sensitive,1
consultative,1
Zrínyi,24
Radetzky,4
Schlachtschiff,1
K.u.K,1
Kriegsmarine,1
Zrinski,1
noble,1
Croatian,1
Franz,2
dreadnoughts,4
Adriatic,4
shelled,1
Senigallia,2
seaport,1
intents,1
effectively,1
bottled,1
Austrians,3
Pula,1
submarine,2
chasers,2
handover,1
Treaty,3
Saint,2
Germain,2
Laye,1
Stabilimento,1
Tecnico,1
Triestino,1
dockyard,1
Trieste,1
slipway,1
teak,1
Hungary,3
abroad,1
880,1
890,1
138,2
455,1
741,1
845,1
099,1
rated,1
horsepower,1
warship,1
supplement,1
Yarrow,1
boilers,1
nautical,1
mi,1
cruising,1
casemated,1
85,2
firing,1
broadside,1
Fleet,1
commissioning,2
cruises,1
cruise,1
Aegean,1
accompanied,1
cruiser,3
Spaun,1
destroyers,1
hostilities,2
tensions,1
flared,1
Balkans,1
1913,1
demonstration,2
Ionian,1
Balkan,2
Wars,1
Ships,1
navies,2
HMS,1
VII,1
Ammiraglio,1
Bon,1
Edgar,1
Quinet,1
Cecil,1
Burney,1
Montenegrin,2
Serbian,1
siege,3
Scutari,2
Montenegro,4
besieged,2
Albanians,1
Ottomans,1
Pressured,1
Serbia,2
Viribus,1
Unitis,1
assassination,1
southeastern,1
Vienna,1
declaration,1
bombard,1
Kingdoms,1
Entente,1
immense,1
unopposed,1
destruction,1
destroyer,1
Turbine,1
yard,1
town,4
train,1
railway,1
Additional,2
targets,1
wharves,1
warehouses,1
Sixty,1
Italians,2
civilians,1
Taranto,1
Hungarians,1
deploying,1
destroying,1
transportation,1
delaying,1
Alps,1
strengthen,1
deploy,1
fronts,1
Aside,1
confined,1
duration,1
Haus,2
husband,1
seize,1
Dalmatian,1
diverted,1
blockaded,1
shortage,1
strategy,1
submarines,1
reduce,1
numerical,1
superiority,1
collapsed,1
Yugoslavia,1
spoils,1
victorious,1
refused,3
acknowledge,1
conversations,1
Slavs,1
reallocated,1
boarded,1
Yugoslav,1
Armistice,1
hoisted,1
flags,1
Castelli,1
Spalato,4
Split,2
appealed,1
USN,2
fledgling,1
Slav,1
Croat,1
Korvettenkapitän,1
Marijan,1
Polić,1
Dalmatia,1
Simultaneously,1
E.E,1
Hazlett,1
complement,1
174,1
entirely,1
Reserve,1
Force,1
negotiations,2
dragged,1
gale,1
Chattanooga,1
Hovey,1
towed,1
treaties,1
Versailles,1
Venice,1
Geopyxis,10
carbonaria,18
fungus,16
Pyronemataceae,1
1805,2
charcoal,4
loving,2
elf,3
cup,15
dwarf,2
acorn,2
stalked,2
bonfire,2
pixie,3
goblet,1
fruitbodies,9
reddish,1
whitish,4
fringe,1
tapered,1
stalk,2
Fruitbodies,3
brush,1
burned,6
temperate,1
Hemisphere,1
saprotrophic,3
feeding,1
decomposing,1
organic,6
biotrophic,3
roots,3
Norway,3
spruce,4
scientifically,1
Johannes,1
Baptista,1
von,1
Albertini,1
Lewis,1
Schweinitz,1
Peziza,3
Mordecai,1
Cubitt,1
Cooke,1
spores,5
asci,2
1879,3
Mycographia,1
seu,1
Icones,1
fungorum,1
Figures,1
fungi,4
Pier,1
Andrea,1
Saccardo,1
Pustularia,1
Heinrich,1
Rehm,1
1884,2
synonym,1
G.,9
Grélet,1
var,1
sessilis,1
referring,1
taxon,2
taxonomic,2
Miles,1
Berkeley,1
Moses,1
Ashley,1
lepida,1
collections,1
Exploring,1
Surveying,1
1853,8
1856,2
synonymized,1
Mien,1
Rifai,1
corroborated,1
Donald,1
Pfister,1
decade,1
derives,1
Common,1
Mycological,1
approved,1
ascocarps,1
carbonaris,1
fringed,1
spore,1
bearing,2
hymenium,2
brick,1
dull,1
blister,1
pustules,1
stipe,1
expands,1
abruptly,1
brownish,1
brittle,1
distinctive,2
unpleasant,1
smell,1
crushed,2
edibility,1
insubstantial,1
harvested,1
eating,1
Microscopic,1
elliptical,1
hyaline,1
devoid,1
droplets,2
eguttulate,1
dimensions,1
µm,4
walled,1
germinate,1
vitro,1
external,1
stimuli,1
225,1
paraphyses,2
slightly,1
unbranched,1
irregular,2
orange,3
granules,2
tips,1
forked,1
lobed,1
hypothecium,1
densely,1
vulcan,1
vulcanalis,1
pale,1
yellowish,1
fruitbody,2
deeply,1
flattening,1
odor,1
sulfur,9
microscopically,2
characteristic,3
substrates,3
wood,1
mosses,1
needle,1
duff,3
Tarzetta,2
cupularis,1
genera,2
Aleuria,2
Caloscypha,1
Melastiza,1
Sowerbyella,1
Habitat,1
pioneer,1
charred,1
litter,1
forest,2
pH,1
minerals,1
coniferous,2
trees,2
burn,1
fruiting,3
microhabitats,1
postfire,1
tree,3
trunks,1
stands,1
morels,2
abundant,1
fruits,1
imminent,1
morel,1
Anthracobia,1
Alaska,1
Ecology,1
breakdown,1
forming,3
ectomycorrhizae,1
Picea,1
abies,1
lodgepole,1
Pinus,1
contorta,1
hyphae,1
infect,1
cortex,1
seedling,1
endodermis,1
moderate,6
pathogen,1
reductions,1
germination,1
enzyme,1
polyphenol,1
oxidase,1
polymer,1
lignin,1
rudimentary,1
Hartig,1
mycorrhizal,1
mutualistic,1
Vrålstad,1
colleagues,1
protects,1
fungal,1
Large,1
fruitings,1
burning,2
fruit,1
clearcut,1
Fruiting,1
denser,1
forests,2
1000,1
square,2
meter,1
sporadic,2
millions,1
Yellowstone,1
fires,1
dollar,73
coin,32
Bureau,1
Mint,27
1849,14
lifetime,1
Engraver,3
Longacre,22
Type,13
minted,3
1830s,1
1840s,1
Congress,9
galvanized,1
bullion,2
rush,1
coins,37
hoarded,1
commerce,6
circulated,5
rarity,2
circulate,6
regain,1
hoarders,1
jewelry,5
mint,4
coinage,3
Hamilton,2
1791,1
denomination,11
metals,1
tender,1
recommendation,1
authorizing,2
1831,1
Christopher,2
Bechtler,3
Much,1
mountains,1
dollars,24
pieces,3
Soon,1
Bechtlers,1
strike,3
Levi,1
Woodbury,2
advocate,1
institution,1
opposed,4
Director,7
Patterson,12
persuaded,2
Gobrecht,5
Liberty,7
cap,1
palm,1
branch,6
circle,2
Consideration,1
revisionary,1
Act,3
1837,1
newspaper,2
Ledger,2
1836,1
convenient,3
eminently,1
Nevertheless,4
congressional,1
deleted,1
Inception,1
1844,2
Representative,3
Iver,1
McKay,8
chairman,2
Committee,2
Ways,1
Means,1
solicited,1
advising,1
Spencer,1
Colombian,1
escudos,1
unpopular,2
nothing,1
1846,1
1848,1
amounts,2
flowing,1
mints,8
Rush,1
vastly,1
quantities,3
renewed,1
calls,1
eagle,7
discussion,1
proposal,2
annular,9
hole,2
amended,1
plug,1
successor,4
chief,2
engraver,4
patterns,2
Democrat,1
Senator,2
Atherton,2
introduce,1
authorize,1
Senate,3
Finance,1
attacked,4
congressmen,1
Whig,4
minority,1
grounds,1
counterfeited,1
bad,1
mistakenly,1
dime,1
respond,1
substantively,1
denominations,2
coined,2
Ingersoll,1
spoke,1
repeatedly,1
whenever,1
Massachusetts,1
Hudson,1
counterfeit,1
tell,1
difference,2
answer,1
claims,1
Congressman,2
Nicoll,1
assured,1
counterfeiting,1
allegations,1
exaggerated,1
banknotes,1
Connecticut,1
Rockwell,1
motion,1
minimal,1
opposition,1
law,2
Preparation,1
Coiner,1
Franklin,1
Peale,2
outsider,1
copper,1
Calhoun,1
assist,1
warned,2
employee,1
undoubtedly,2
undermine,1
premises,1
Accordingly,2
apprised,1
viewing,1
obverse,2
proceed,1
preparation,3
engraving,1
unusually,1
incessant,1
hubs,1
perfect,1
coining,2
execute,1
silently,1
satisfactory,1
facing,1
coronet,1
tiara,1
bun,1
reverse,5
wreath,4
rim,2
Contemporary,1
favorable,1
Weekly,1
Tribune,1
neatest,1
tiniest,1
lightest,1
beautiful,2
potatoes,1
sauerkraut,1
salt,1
pork,1
Oberon,1
Puck,1
blossom,1
bewitched,1
Titania,1
Willis,1
List,1
probability,1
altogether,1
Charlotte,5
locally,1
eliminate,1
bank,2
Coin,1
numismatic,3
Q.,1
Bowers,2
scaled,2
nicely,1
behold,1
Modifications,1
indicate,1
proof,4
varieties,2
Mintmarked,1
Engraving,1
Dahlonega,7
Orleans,3
branches,1
dubbed,1
Closed,2
Wreath,3
Approximately,1
Open,1
surviving,2
auction,1
690,1
inclusion,1
truncation,1
borne,1
1850,3
1854,6
Francisco,10
flow,4
melting,2
accelerated,1
042,1
quarter,3
glory,1
transactions,1
reducing,1
1851,1
Duer,1
provoke,2
Eckert,1
fill,2
Pierce,1
administration,1
Pettit,7
Guthrie,4
enquiring,1
experimented,1
difficulties,2
oval,1
holed,1
angular,1
lessen,1
let,1
queried,1
replacement,3
Ross,1
Snowden,2
concerning,1
device,1
emblematic,1
liberty,1
secretary,1
lightened,1
ensure,1
thinner,2
princess,5
technique,1
agricultural,2
1852,1
advocated,2
stalled,1
eject,1
properly,1
trivial,1
unsatisfactory,1
striking,2
Southern,2
trouble,2
illegible,1
recoinage,1
detailed,3
1855,2
enlarged,1
lettering,1
closer,1
sharpness,1
reverses,1
identical,1
fanciful,1
feathered,1
resembling,1
tribe,1
inexact,1
Accroupie,1
Crouching,1
sculpture,1
display,1
corn,1
tobacco,1
wheat,1
blending,1
produce,3
1850s,3
Eagle,1
historian,1
Cornelius,1
Vermeule,1
deprecated,1
obverses,1
Types,2
banknote,1
elegant,1
folk,1
plumes,1
feathers,1
crest,1
anything,1
frontiers,1
beauty,1
mintages,3
566,1
Roughly,1
rarities,1
candidate,2
rarest,1
mintage,4
shipped,1
voted,1
secede,1
Brown,1
secured,1
eagles,2
survived,1
crack,1
supplied,1
treasury,1
aside,3
assay,1
Normally,1
await,1
meeting,1
Assay,1
Commission,1
testing,1
Montgomery,1
Alabama,1
prized,1
doors,1
strikings,1
facility,2
reopened,1
issuance,1
1870,1
shook,1
hoarding,2
specie,4
banks,2
paying,1
Far,1
currencies,1
discount,1
premium,3
greenbacks,1
finance,2
Final,1
abolition,3
collecting,2
postwar,1
export,1
361,1
exceed,1
excepting,1
improper,1
suspend,1
dozen,1
tiny,1
specially,1
polished,1
strikes,2
unduly,1
melted,1
recoined,1
generating,1
anticipation,1
resumption,2
payments,2
occur,1
1878,1
Once,1
currency,1
1870s,1
Collecting,1
numismatists,1
channeled,1
favored,2
dealers,1
cashier,1
Banks,1
charged,1
items,1
China,1
hinder,1
jewelers,2
Proof,1
exceeded,1
inflated,1
.25,1
holiday,1
Pollock,1
limiting,3
depositors,1
proportionately,1
abrasion,1
Kimball,1
O.,1
Leech,1
ornament,1
abolished,1
nickel,1
499,1
337,1
223,1
438,1
004,1
109,1
90,1
232,1
72,1
529,1
1899,1
Numismatist,1
journal,1
depositing,1
teller,1
pastime,1
specialty,1
retain,1
R.S,1
Yeoman,1
Coins,1
rates,1
VF,1
Those,2
seeking,2
dates,1
valued,1
grade,1
Commemorative,1
commemorative,1
799,1
Corey,12
Chaykovsky,12
reaction,30
CCR,1
chemistry,1
synthesis,10
epoxides,7
aziridines,5
cyclopropanes,2
discovered,1
ylide,18
ketone,1
aldehyde,3
imine,2
enone,1
membered,2
ring,3
diastereoselective,1
favoring,2
trans,2
substitution,3
regardless,1
stereochemistry,1
serves,3
retrosynthetic,1
alternative,3
epoxidation,2
reactions,8
olefins,1
methylene,4
notable,2
syntheses,3
See,2
Synthesis,4
enantioselective,5
variants,4
dimethylsulfonium,1
fluorenylide,1
substituted,4
benzaldehyde,1
derivatives,1
Wittig,2
benzalfluorene,1
oxide,2
Reaction,1
ylid,1
benzaldehydes,1
benzalfluorenes,1
phosphorus,2
arsenic,1
ylids,1
subsequent,1
dimethyloxosulfaniumyl,2
methanide,3
CH3,2
2SOCH2,1
dimethylsulfaniumyl,1
2SCH2,1
reagents,19
efficient,1
canon,1
Mechanism,1
nucleophilic,4
carbonyl,2
heteroatom,1
sulfonium,7
cation,1
expelled,1
stronger,1
oxygen,2
prevents,1
oxirane,1
olefination,1
cyclic,1
intermediate,3
diastereoselectivity,3
reversibility,7
equilibration,1
betaine,7
syn,1
Initial,1
adjacent,1
density,1
calculations,1
rotation,3
conformer,1
backside,1
depends,1
selectivity,4
Stability,2
stability,3
similarly,2
Steric,1
hindrance,2
disfavoring,1
slowing,1
Solvation,1
counterions,1
lithium,1
solvation,1
facile,2
lowering,1
Scope,1
application,3
encompass,1
ylides,8
electrophiles,2
publications,1
profile,1
transformative,1
tool,1
anionic,1
carbon,5
halide,1
trimethylsulfonium,1
iodide,1
format,1
reagent,9
Use,1
sulfoxonium,5
weaker,1
bases,1
doubly,1
bonded,1
react,2
dialkylsulfoxide,1
products,2
preferred,1
toxic,1
volatile,1
odorous,1
dialkylsulfide,1
vast,1
monosubstituted,1
R1,2
R2,2
hydrogen,1
Disubstituted,1
rarer,1
electron,2
EWG,2
stabilized,2
usefulness,1
prohibitively,2
sluggish,1
amides,2
fewer,1
esters,2
Darzens,1
aryl,2
allyl,1
extensively,1
classical,1
H,1
alkyl,2
unstabilized,1
methyls,1
synthesize,1
Variations,1
alicyclic,1
Reactions,1
ketones,2
aldehydes,2
exotic,1
Danishefsky,1
Taxol,1
chemotherapeutic,1
drug,1
taxol,1
Kuehne,1
Strychnine,1
pesticide,1
strychnine,1
imines,1
provides,1
amine,2
oxaziridines,1
aziridine,1
situ,2
enones,1
Weinreb,1
amide,1
conjugated,1
predominate,1
homologation,1
grouped,1
oxetane,1
azetidine,1
occurring,1
synthesizing,1
cycloadditions,1
wherein,1
carbenoid,3
polymerizations,1
trialkylboranes,1
catalyst,2
monomer,1
polymers,1
Enantioselective,1
variations,2
yielding,1
enantiomeric,2
excess,2
labelled,1
ee,1
variant,1
academic,1
chiral,1
sulfides,2
stoichiometric,2
fashion,2
catalytic,3
typical,1
organosulfide,1
racemic,1
equimolar,1
raising,1
Chiral,1
costly,1
spurring,1
advancement,1
methods,1
Stoichiometric,1
bicyclic,1
oxathiane,2
β,1
adrenergic,1
compound,1
dichloroisoproterenol,1
DCI,1
enantiomer,1
axial,1
diastereomer,1
rationalized,1
anomeric,1
reduces,1
nucleophilicity,1
lone,1
conformation,2
transannular,1
strain,1
steric,1
methyl,1
substituents,2
camphor,2
derived,1
Varinder,1
Aggarwal,2
enantiomers,1
yields,2
bridgehead,1
hydrogens,1
blocked,1
moiety,1
phosphazene,1
Catalytic,2
yield,1
enantioselectivity,1
aliphatic,1
stems,1
sulfide,2
efficiently,1
generates,1
epoxide,1
desiderata,1
odds,1
tuning,1
Shown,1
catalysts,1
E,1
-stilbene,1
alkylation,1
rhodium,1
failing,1
possessing,1
competitive,1
consumption,1
Ciudad,7
Juárez,7
treaty,9
Mexico,12
Porfirio,4
Díaz,24
Madero,30
Mexican,5
stipulated,2
vice,6
president,10
Ramón,3
Corral,4
León,2
Barra,4
presidential,2
elections,4
revolution,5
indemnified,1
amnesty,4
resigned,1
incumbent,1
plus,1
José,3
Yves,2
Limantour,6
Rosendo,1
Pineda,1
exile,1
Significantly,1
institute,1
promised,1
occasions,1
Porfirian,1
disputes,1
courts,1
judges,1
outbreaks,1
violence,1
Partido,1
Constitucional,1
Progresista,1
María,1
Pino,1
Suárez,1
mate,1
Vázquez,1
Gómez,1
Reelectionist,1
rival,1
imprisoned,1
falsified,1
election,2
promises,1
agrarian,5
supporters,2
escaped,1
prison,1
fled,1
Texas,1
Plan,2
Luis,2
Potosí,2
manifesto,1
uprising,1
Porfiriato,1
democratic,1
proclamation,1
clashes,1
Guerrero,2
Chihuahua,2
Pascual,1
Orozco,9
Ahí,1
te,1
van,1
las,1
hojas,1
mándame,1
más,1
tamales,2
Here,1
wrappers,1
González,1
Morelos,5
blown,1
Zapata,13
Emiliano,2
Eufemio,1
Encouraged,1
uprisings,3
Pancho,1
riders,1
encountered,1
Chihuahuan,1
fortifications,1
Concerned,1
possibility,2
cross,1
hesitated,1
commanders,1
lift,1
disregarded,1
insurrectionists,2
intervened,1
spare,1
Navarro,1
executed,1
killing,1
rebel,1
POWs,1
leaders,1
ignored,2
appointments,1
outraged,1
estranged,1
marching,1
Zapatista,1
revolt,2
Puebla,1
Tlaxcala,1
Michoacán,1
worried,2
demands,1
autonomy,1
sidelined,1
Chinameca,1
Subsequently,1
Cuautla,8
mislead,1
opponents,1
Izúcar,1
Matamoros,1
retaken,1
Chietla,1
Yautepec,1
Jonacatepec,1
Cuernavaca,2
Golden,2
Fifth,3
terrible,1
Victoriano,2
Huerta,2
nearby,1
hero,1
corridos,1
agree,1
compromise,2
minister,2
discuss,1
revolutionaries,3
resignation,2
cabinet,3
ministers,1
governors,2
reelection,1
skillful,1
panic,1
landowners,2
regime,1
hacendados,1
Porfiristas,1
Jorge,1
Vera,1
Estañol,5
memo,1
affairs,1
revolutions,1
remove,1
anarchy,2
agreeing,1
succeeding,1
crush,1
peasant,1
erupting,1
financiers,1
downgrading,1
ongoing,1
reactionary,1
rebels,3
brute,1
faction,1
coup,1
d,1
'état,1
Bernardo,1
Reyes,1
repression,1
greates,1
energy,1
punishing,1
pity,1
participating,1
generals,1
Custer,1
bluster,1
persuade,1
resign,2
disagreement,1
compromises,1
suspicions,1
neglected,1
organize,1
declared,1
rurales,1
demobilized,1
appease,1
provisional,1
approve,1
Pensions,1
